text,migration_relevance,similarity
RT @GkrahnKrahn: #Wilmington Stencil Studio Online Shop #bedroom #wall #decor https://t.co/kuMdMJwCml #Like,no,0.0
"@name_janemorrow worse still, mine are all Russian. My #syria and my image matter are clearly drawing attention",no,0.22941573387056174
NATO Will Stop At Nothing To Support Proxy Army! https://t.co/sNhaeryOsK #ISIS #StopBombingSyria #syria #serena #shim,no,0.23570226039551587
France pushes #UN draft resolution on Aleppo ceasefire https://t.co/gypKdsCgj6 #ÿ±Ÿäÿ™ŸàŸäÿ™ #syria,no,0.5345224838248488
Pokemon of #syria. #Moustafa_Jano https://t.co/CsLux4yifX https://t.co/20ugAjsocv,no,0.23570226039551587
"@Omojuwa And why @GovernmentRF has refused to stop the aggression against other countries, notably #ukraine and #syria.",no,0.24253562503633297
"Oil, Power and Money: ‚ÄúAssad Must Go‚Äù https://t.co/jylslUX7uZ #syria",no,0.2886751345948129
"RT @mehabdullah9595: Why was she killed for ?
#syria 
#ÿ≠ŸÑÿ®_ÿ≥ÿ™ÿ≠ÿßÿ¨ŸÉŸÖ_ÿπŸÜÿØ_ÿßŸÑŸÑŸá   #Islam https://t.co/tWMRXI6SVC",no,0.2672612419124244
#sale for great #selection #artworks https://t.co/KOG1TV2scO #modern #abstract #contemporary #fineart #wall #pop... https://t.co/5EbqO1t0Fj,no,0.0
"#MiddleEasteye Turkey extends mandate to use troops in Iraq, Syria by one year: 
  Language 
 Undefine... https://t.co/QgluZpiH9m #syria",no,0.22360679774997896
"RT @KarinZiot: Impressively scary video of #retainingwall #wall. Will for sure go in my ""motivation"" intro for Undergrad Soil Mech‚Ä¶ ",no,0.0
"RT @hadeelalsh: ""No one cares, no one listens, no one is stopping this waterfall of blood."" - #Aleppo hospital staff #syria",no,0.1889822365046136
"RT @hadeelalsh: ""No one cares, no one listens, no one is stopping this waterfall of blood."" - #Aleppo hospital staff #syria",no,0.1889822365046136
Three police cars set ablaze in Dresden ahead of German Unity Day: BERLIN (Reuters) - Unknown p... https://t.co/ncyfZPw60o #world #syria,no,0.21320071635561041
"RT @hadeelalsh: ""No one cares, no one listens, no one is stopping this waterfall of blood."" - #Aleppo hospital staff #syria",no,0.1889822365046136
"How do you get one? 5 things to know about the Nobel Prizes: STOCKHOLM (AP) ‚Äî Actors yearn for Oscars,... https://t.co/WNCX8UBZT0 #syria",no,0.20412414523193154
RT @Harryslaststand: While the west rightly condemns war crimes in #syria they are mute on Yemen b/c #SaudiArabia interests matter more‚Ä¶,no,0.21320071635561041
The latest The news-de Daily! https://t.co/ur3KLCDlYZ #syria,no,0.2773500981126146
RT @Libya_SOS: The latest Libya S.O.S. - Daily News! https://t.co/yorhSBg4J4 Thanks to @LablanchFanny @fubarista @NorthAndrew #aleppo #syria,no,0.20851441405707477
RT @75Ying: LED lights: Bathroom lighting ideas ‚Äì Dusk til Dawn #bathroom #wall #paper https://t.co/5TdmMOWH4V,no,0.0
RT @KepplerVip: The Big Reveal ‚Äì Sea themed bedroom makeover to space themed bedroom #bedroom #wall #clocks https://t.co/oOKVH1yF7A,no,0.0
RT @CrosierTomasa: LED lights: Bathroom lighting ideas ‚Äì Dusk til Dawn #bathroom #wall #paper https://t.co/DAGqrftKRA,no,0.0
UK is USA's henchman over Syria and Assad regime' https://t.co/X74a5hngbg #syria #usa #uk #StopBombingSyria,no,0.23570226039551587
RT @DagmarGreenlee: #travels Cooking With Kids #kitchen #wall #tiles https://t.co/u5WRU1lrYi #Furniture,no,0.0
RT @MistyLady4: #sale for great #selection #artworks https://t.co/KOG1TV2scO #modern #abstract #contemporary #fineart #wall #pop‚Ä¶,no,0.0
The latest The soliman Daily! https://t.co/dJNxui6Xpb Thanks to @DandiaAsad @EJozsef @drjennings #syria #libya,no,0.23570226039551587
#syria Straight Talk From Syria‚Äôs UN Envoy https://t.co/yotHMnuq7o,no,0.5773502691896258
Bassel has disappeared in Assad presions since 366 days. There is API for that counter https://t.co/BBXBCisvrV #syria #freebassel,no,0.2182178902359924
RT @AidNews: The latest The Daily AidBulletin! https://t.co/GguJJyaAGt Thanks to @AFD_France #habitatday #syria,no,0.23570226039551587
"20 killed, 47 wounded in a suicide attack targeted a Kurdish wedding in #Hasakah #Rojava #syria #ÿßŸÑÿ≠ÿ≥ŸÉÿ©",no,0.4364357804719848
Bling backsplash #hexagon #brushed #metallic #mosaic #wall #tile #ontrend #warm #mixed #metal #wallcovering‚Ä¶ https://t.co/Mu3CtjuuyF,no,0.0
"RT @Col_Connaughton: Syrian war, ISIS &amp; Western propaganda: Assad interview in 10 quotes https://t.co/iK6xWhyOBb #syria #assad #StopBombing‚Ä¶",no,0.22360679774997896
"RT @Hermius1: ALEPPO LIBERATION LATEST!
#syria #reuters #BBCNEWS #CNN #ap #nytimes #uk #aleppo #damascus #homs #amanpour #guardian https://‚Ä¶",no,0.23570226039551587
White House disappointed after Russia's Putin suspends plutonium cleanup accord with U.S. https://t.co/QLFRFVodiq #ÿßŸÑŸÖÿ∫ÿ±ÿ® #syria #Cairo,no,0.2182178902359924
GenPrev is out! https://t.co/isDrbqPVoY Stories via @emmjayee @suvipatooja @W2IProject #r2p #syria,no,0.2672612419124244
#JohnLennonWall #LennonWall #Lennon #JohnLennon #wall #graffiti #Praha #Prague‚Ä¶ (at John Lennon Wall) [pic] ‚Äî https://t.co/cREeLPSzux,no,0.0
#Disney #dreams #wall-e #üòç #Eva @ Disney Land Paris https://t.co/JloJIynKhD,no,0.0
#UN council weighs measure to impose #Aleppo ceasefire #syria https://t.co/mQg29rspuN,no,0.5547001962252291
Introducing our Nimes White Feature #Tile. This eye catching tile is available in pearl white and grey. #wall #diy https://t.co/zAihctPiU0,no,0.0
This #rustic #wall #art will add oodles of #nostalgia to your #decor spaces #interiordesign #decor #dance #poster‚Ä¶ https://t.co/0be5MDTHW0,no,0.0
RT @Libya_SOS: The latest Libya S.O.S. - Daily News! https://t.co/R3DyjVmW7N Thanks to @GihanTadreft @LablanchFanny @Solacium800 #syria #al‚Ä¶,no,0.20851441405707477
The latest The Salma Salama Daily! https://t.co/7AP6ZanrBt Thanks to @KhalidAlAmeri @SarahEbeid @zumba #syria #egypt,no,0.22941573387056174
"RT @julialosfelt: Tuesday bullshit 
#photoshop #abstract #lines #illustrator #freelance #wall #graffiti #gra‚Ä¶ https://t.co/hgBZJ2rbXf https‚Ä¶",no,0.0
Brazil bank worker strike becomes longest since 2004: SAO PAULO (Reuters) - A month-long strike... https://t.co/I9o5PJ3bjF #world #syria,no,0.20851441405707477
"Weakened IS May Find Havens in Rural Iraq, Syria - Voice of America https://t.co/m3uBsGfGwj #syria #syrianews",no,0.23570226039551587
RT @MissisTye: #Oklahoma Interest Free #bedroom #wall #lights https://t.co/qsGcKKAuQv #Wireless,no,0.0
RT @CantwellSunday: Your Bath: Hotel-Style Towel Racks #bathroom #wall #cabinets https://t.co/wCkGverp3U,no,0.0
RT @sone4ka_rogova: #sweden 10 Double-Duty Nightstands #bedroom #wall #decals https://t.co/OjuIYCP7DZ,no,0.0
My DiCaprio space and a bit of other things. #leonardodicaprio #leo #dicaprio #mylove #wall‚Ä¶ https://t.co/39L8Kq3XKu,no,0.0
RT @TheWoodGrainGal: Praying Hands Wood Ornament  https://t.co/IADj0CNTtD  Unique #Christian #wall #art  Religious #decor  #Etsyretwt #etsy‚Ä¶,no,0.0
RT @lidavydova99536: Pink And Black Zebra Print Bedroom Accessories ‚Äì Stylish Bedroom Decorating Ideas #bedroom #wall #stickers https://t.c‚Ä¶,no,0.0
RT @v_ogg: Pink And Black Zebra Print Bedroom Accessories ‚Äì Stylish Bedroom Decorating Ideas #bedroom #wall #stickers https://t.co/dx1lky26‚Ä¶,no,0.0
"RT @delcie_ms: Black Bedroom Suite, Mirror, Dresser #bedroom #wall #units https://t.co/iIaMcxsqYT",no,0.0
RT @CrosierTomasa: Pink And Black Zebra Print Bedroom Accessories ‚Äì Stylish Bedroom Decorating Ideas #bedroom #wall #stickers https://t.co/‚Ä¶,no,0.0
RT @BeckyGuerrero93: Free Waitrose Food Magazine #kitchen #wall #colors https://t.co/TDAPULRSht #Apparel,no,0.0
RT @lidavydova99536: #Woodbridge Kitchen magazine #kitchen #wall #decor https://t.co/Mej7q6CvMQ #Loan,no,0.0
RT @RentzRentzd: #NewHampshire Free Waitrose Food Magazine #kitchen #wall #colors https://t.co/jqRqamcGxs,no,0.0
RT @CandidaMissis: Pink And Black Zebra Print Bedroom Accessories ‚Äì Stylish Bedroom Decorating Ideas #bedroom #wall #stickers https://t.co/‚Ä¶,no,0.0
Russia despatches one more missile corvette to Mediterranean: agencies: MOSCOW (Reuters) - A Ru... https://t.co/Z4HsIHdHhG #world #syria,no,0.22941573387056174
GREAT IN GREY.. #beanie #autumn #clothing #leather #hoody #fashionista #femme #girl #unisex #streetart #wall https://t.co/xbfJnqNXxF,no,0.0
The latest https://t.co/Cx2wfLQfJ7! https://t.co/C7XWhKHO0S Thanks to @esamsar @almasslim #syria #streetart,no,0.21320071635561041
"RT @dbeltwrites: ""I shoes you"". #Converse #art #wall #HeffronDrive #shoes #SantaMonica #CaptionThis https://t.co/VSjvjpCXll",no,0.0
"RT @DIRECTD3MOCRACY: #ww3 urgent info here

#USArmy Chief Threatens #War With #Russia 

https://t.co/F2Ysurnya3 #nhs #bbc #syria #nato #uk‚Ä¶",no,0.2182178902359924
"RT @ma000111: shame on-u @POTUS @JohnKerry @AmbassadorPower 
#US Peace Council :US,BEHIND the horrific death&amp;destruction in #syria https://‚Ä¶",no,0.20851441405707477
@newspyre360: That would be an awesome #desk and #wall clock too...,no,0.0
"Inspiring interiors ... more then better
#wall #design #interiordesign  
https://t.co/RuXcDXJ0T1 https://t.co/oO0PZq0WA1",no,0.0
UK Column News 24th Aug 2016 https://t.co/wgtR8b2csl #child #sex #church #abuse #syria #hague,no,0.25
RT @PoliticalLaughs: The Islamic State and Assad: Two sides of the same bad coin - https://t.co/IsTymBTw6B #syria,no,0.22941573387056174
"Japan's Mount Aso erupts, no reports of injuries: TOKYO (Reuters) - Mount Aso, a volcano on Jap... https://t.co/8Zm39s2cjS #world #syria",no,0.19245008972987526
"Chinese papers mock U.S. election, say scandals bury real issues: BEIJING (Reuters) - Two of Ch... https://t.co/YeijcPLY8c #world #syria",no,0.21320071635561041
"RT @kovandire: +18 #albab #syria 
The number of Kurdish victims by Turkish warplane and canon 24 confirmed,picture of one victim https://t.‚Ä¶",no,0.2
A Russiophile is a Nazi. You fucking fascist dogs. #syria #Ukraine,no,0.30151134457776363
RT @sarah131214: @SyriaCivilDef you are winners in the eyes of the world #syria https://t.co/c5wyKY47LH,no,0.22941573387056174
Jihadi bride who fled Syria uses life on probation as lesson - Fox News https://t.co/rPIyMfbJ5B #syria #syrianews,no,0.22941573387056174
"RT @seldeeb: #war #graffiti #syria ""Yes we r besieged.but we have pride! Pretty #aleppo"" https://t.co/tYC1hAxMxb",no,0.2182178902359924
Alison and Linda pressed against the wall and fucked with Odell: #Linda #Alison #wall #pressed #against #fucked https://t.co/C5UXNEWkRU,no,0.0
The latest The Entrepreneurialist Daily! https://t.co/RMRRUYhbtV Thanks to @BanderAlMutlaq @SLAClab @kredcarroll #syria #ies16,no,0.23570226039551587
"RT @fastertagueur: Tree of Life by #3615 
#streetart #graffiti #graff #spray #bombing #wall #paris https://t.co/wBLePOrMii",no,0.0
@cyberblobb but the good people of this world who love God will not participate with you. #syria #iraq,no,0.23570226039551587
The latest The Ulrike Beudgen Daily! https://t.co/CLDo8BMuSE Thanks to @SchanzenINI @cbn2 @bernardosampa #syria,no,0.23570226039551587
Iraqi activist Nadia Murad wins human rights prize for Yazidi campaign https://t.co/n5q343yrNJ #Libyan #syria #ŸÖÿµÿ±,no,0.23570226039551587
"Some of us have not forgotten the US #drone-bombed innocent civilians in #Yemen.
#wikileaks #syria #russia #saudi #pakistan #iran #houthi",no,0.2182178902359924
Pentagon hints at possible retaliation after Yemen missile fire: WASHINGTON (Reuters) - The Pen... https://t.co/o0Gi7phxjY #world #syria,no,0.22941573387056174
This is why it's up to us to come together to make a better world. #syria  https://t.co/NANw7iBGuS,no,0.19245008972987526
Warn the world - Hillary wants a war with Russia! https://t.co/DbzmP70s0p #aleppo #syria #russia #hillaryclinton,no,0.24253562503633297
#Liveleak Johnson slams Russian action in Syria as bombs rain down on Aleppo: The House of ... https://t.co/fUhEMn9ymQ #syria #daeshbags,no,0.21320071635561041
"#wallpaper #women, #ass, #legs, #Pavel Smolenskiy, #lingerie, #high heels, #wall, #garter belt https://t.co/36Afvz0Jof",no,0.0
The latest Scisocscriber! https://t.co/1Ljf8VBz5b #syria #aleppo,no,0.3333333333333333
RT @JohnRentoul: Live: Stop the War demo outside Russian embassy #syria http://t.co/MuZSoBBWmV,no,0.2581988897471611
"tinoseeber: I want to give something back: 

https://t.co/E2JePCkFLG

#syria #aleppo #jemen #iraq #help #redcross‚Ä¶ https://t.co/Ue3RP5WiOF",no,0.19245008972987526
Let's do this. #syria #ICC #STW,no,0.3779644730092272
The latest Libya S.O.S. - Daily News! https://t.co/urGPrGD19N Thanks to @RAF2attac @AfricasDaughter @ICRC #syria #aleppo,no,0.2182178902359924
"#TweetMovie #ux Watch #Isis #Mosul unfold at https://t.co/8nS9HbFJQr {assault, plan, iraqi, women, #syria, #russia, arabia, jihadists}",no,0.22941573387056174
"EXPOSED! WHITE HELMETS lies!
#syria #syriacrisis #aleppo #damascus #kurds #holocaustaleppo #putincrimes #assadcrimes
https://t.co/5tlr5cnGwk",no,0.25
".@saneprogressive 2min Vid:Analyst:so-called #syria ""moderates"" =  ""Heinz 57 varieties of Jihadists"" https://t.co/BmPxFq789R  #handsoffsyria",no,0.23570226039551587
The latest The soliman Daily! https://t.co/1TKNUJUq8u Thanks to @LibyanAffairs @SimNasr #syria #libya,no,0.24253562503633297
Must watch. Syrian women fight US Backed Syrian Rebels. Do not buy fed-backed propaganda #syria #ccot #tcot https://t.co/iEFr9jGUO5,no,0.20412414523193154
Syria is such a complex issue that any heavy handed policy enacted by the United States may have serious repucurssions #syria,no,0.2182178902359924
"Thailand's King Bhumibol, world's longest reigning monarch, dies at 88: BANGKOK (Reuters) - Kin... https://t.co/Z1CVkWToLN #world #syria",no,0.2
RT @ahsan_jehangir: The latest In My View! https://t.co/CMJNBhIkpX Thanks to @tomthedrumm @bdsgeneve @Corndog_420 #syria #aleppo,no,0.23570226039551587
Paul Craig Roberts: Washington Is Insane https://t.co/Yv207eUB91 #washington #insane #hegemony #usa #neocons #syria #russia #proxy,no,0.23570226039551587
Putin: The Only World Leader Speaking Sense on Syria &amp; The Migrant Crisis https://t.co/TtuRp8Qysy #migrant #refugee #syria #usa #russia,no,0.9608341482251327
"And the editors say ""ya I read your mind. That's what we always do."" #syria #Iraq",no,0.24253562503633297
Syria Cease-fire Unlikely as Concerns Focus on Preventing Wider Conflict - Voice of America: Voice of ... https://t.co/x9JyiK7mtw #syria,no,0.2
The latest Silverwood Daily News! https://t.co/LBlZIFBH0Y Thanks to @40WattAthens #tbt #syria,no,0.2672612419124244
...waiting for the lights to turn green.. #kreativly #places #newyork #wall #lighting @ New York‚Ä¶ https://t.co/8CRMiPOa8T #newszbreakin,no,0.0
"Criminal #assad who kills ppl  can not deceive anybody with this spoof show
#syria #Aleppo https://t.co/us63zU4xFa",no,0.22941573387056174
RT @Wooorldpolice: What about lessons learned in history? #Aleppo #syria https://t.co/U2lXTeVCIf,no,0.2672612419124244
The latest The Best Defense - DoD Report! https://t.co/Gni7pRGAP2 Thanks to @tech_info @savedbyhismercy @Teelin #military #syria,no,0.22360679774997896
Inevitable clash? #uspoli #trump #clinton #syria #russia #paris #cdnpoli #ukpoli https://t.co/vsKevjuUtP,no,0.2672612419124244
"RT @Hermius1: Countries supplying arms to Saudis to kill civilians in #Yemen
#syria #reuters #BBCNEWS #CNN #ap #breaking #WSJ‚Ä¶ ",no,0.2182178902359924
The East Asia Studies Daily is out! https://t.co/i3fqTkHydR Stories via @NavalNews @9DashLine #russia #syria,no,0.24253562503633297
"RT @Hermius1: Countries supplying arms to Saudis to kill civilians in #Yemen
#syria #reuters #BBCNEWS #CNN #ap #breaking #WSJ‚Ä¶ ",no,0.2182178902359924
Syria: UK Official Makes Aggressive Statement https://t.co/2O9eqBpN37 #war #syria #uk,no,0.2773500981126146
What are we doing as a human for this children who doesn't even know yet why they are on earth #syria #alleppo https://t.co/wpbowI6Gsc,no,0.3592106040535498
China graft watchdog criticizes Hong Kong affairs office: BEIJING (Reuters) - The anti-graft wa... https://t.co/LUIfXda6WJ #world #syria,no,0.21320071635561041
"Nine arrested after South Africa police, students clash again in Johannesburg: JOHANNESBURG (Re... https://t.co/GMnod7a5VT #world #syria",no,0.22941573387056174
Suicide bomber kills 17 at Baghdad Shi'ite gathering: police: BAGHDAD (Reuters) - A suicide bom... https://t.co/Qued6x3lHS #world #syria,no,0.2182178902359924
FANTASY paper print https://t.co/V4faWa0ET5 @Etsy #boho #bohemian #paper #print #set #wall #decor #SundayMorning https://t.co/DLNQuZT3DY,no,0.0
"RT @Col_Connaughton: In Alliance with Al-Qaida, Israel Is Stealing Syria's Oil https://t.co/T1ReUXr5Ma #syria #golan #israel #pillage #pale‚Ä¶",no,0.21320071635561041
"RT @hamza_780: map update #aleppo 15/10/2016
hd:https://t.co/MPb3DrmeJv
@TheArabSource  @TheArabSource_A @Shtiar_400 
#saa #syria‚Ä¶ ",no,0.23570226039551587
#nodapl Hillary Clinton Donald J. Trump Barack Obama #yemen #syria #china #russia https://t.co/d5F00mn9x6,no,0.25
"Operation 365 2 - Jefferson Jay - Words ‚Äì 296 ‚ÄúOh, Brett Walling‚Äù https://t.co/60FRthRSR0 #nostalgia #old days #love #brett #wall",no,0.0
RT @KiksRocks: #Antimo icons #wall @iDeviceArt https://t.co/R54Geb3hmp,no,0.0
RT @Diametricnews: DIAMETRIC is out! https://t.co/kVZb7LmzlG Stories via @hugoturner1969 @HannahAllam @FreeSongSinger #malliardreport #syria,no,0.25
The latest The Daniel Dantas Daily! https://t.co/6RpRfbW3pU Thanks to @MarioNiltinho #syria,no,0.25
#Turkey #Obama backed #Syria Rebels who pledge allegiance #AlQaeda (#isis) captured #Dabiq #syria whereplan to have #Armageddon war,no,0.47140452079103173
RT @ninaburleigh: America needs a #Chilcot report. #BushCheney + #iraq + #isis = #syria and maybe even #trump #maga IMHO https://t.co/gXP6u‚Ä¶,no,0.4364357804719848
"India's Modi, at summit, calls Pakistan 'mother-ship of terrorism': GOA, India (Reuters) - Indi... https://t.co/iqgFScrnR1 #world #syria",no,0.20851441405707477
The latest Revolution And Arabian News! https://t.co/Z6AFCk6IzE Thanks to @jonamorem #syria #aleppo,no,0.2581988897471611
"RT @NewstagOfficial: Follow all the latest news about the conflict in #syria on #Newstag 
 https://t.co/335Q64ePzA",no,0.22360679774997896
RT @FranTownsend: As #AleppoIsBurning #Assad Henchmen Live Life of Luxury https://t.co/vWriYglYds #syria,no,0.2581988897471611
Dua is the weapon of a believer #Allepo #syria  üíî,no,0.3333333333333333
RT @WeActRadio: Happening Now on https://t.co/ORCRxYcvHO #syria #russia #POTUS2016 https://t.co/S48HQWwjS0,no,0.21320071635561041
From another point of view. #yustagram #potd #mural #wall #art #vsco #vcscoph @ Bonifacio Global‚Ä¶ https://t.co/6IxNH0jRAL,no,0.0
Syria intelligence chief in Egypt for 'coordination' - Anadolu Agency https://t.co/LegO96PWMO #syria #syrianews,no,0.2581988897471611
#nodapl #mniwiconi Hillary Clinton Donald J. Trump Amy Goodman #podestaemails #yemen #syria https://t.co/IQsOTmGCAc,no,0.25
RT @ICITorg: Anatomy of Cyber Jihad: Cyberspace is the New Great Equalizer https://t.co/GPnJImDa3R #syria #taliban #daesh #wahhabism #isis‚Ä¶,no,0.4364357804719848
"Aleppo bombardment pause too little, too late - US #syria #aleppo #russia https://t.co/vMXkAmgoxs",no,0.24253562503633297
IS gangs deliver 7 villages to Turkish occupation mercenaries https://t.co/MFHRc0NfoS #syria #rojava,no,0.2581988897471611
RT @Kevin_C74: Christmas concert with @LesFauristes 4 the christians in #syria on 13/12 at @NDFchurchLondon with Aid to Eastern Ch‚Ä¶,no,0.20851441405707477
"dream catcher #wall hanging, #Dreamcatcher, #Boho Decor, Bohemian Dreamcatcher, Silver Dream Catcher, Boho Dreamcat‚Ä¶ https://t.co/4hmzm7B3XS",no,0.0
"Aleppo The Worst Humanitarian Disaster Since WWII? Not So Fast, Mr. Kerry¬†¬†: #uspoli #trump #africa #brazil #syria https://t.co/A2fWoBxrkg",no,0.2182178902359924
"#noflyzone in #syria means 70,000 troops and war with Russia, according to US general.  Russia has warned it could lead to nuke war #tytlive",no,0.1796053020267749
The latest The AGIRE Daily! https://t.co/yJ8ZH6zjtD Thanks to @AaronHomer1 @tedsensei #syria #aleppo,no,0.24253562503633297
Military Source: Terrorists on Verge of Collapse in Northern #Hama #syria https://t.co/WYB4IZqmKN,no,0.2581988897471611
#Hillary is #corrupt and a failure! Unfortunately for voters like me #Trump is his own worst enemy! #russiareset #iraq #libya #syria #isis,no,0.6123724356957946
Turkish media: Strikes kill up to 200 Kurdish militants in Syria - USA TODAY https://t.co/YFjhiHWYT6 #syria #syrianews,no,0.22941573387056174
RT @Wooorldpolice: What about lessons learned in history? #Aleppo #syria https://t.co/U2lXTeVCIf,no,0.2672612419124244
"‚ÄòAttacking terrorists in Aleppo is only way to protect civilians‚Äô ‚Äì Assad https://t.co/huzij7WgEo #syria,#politics",no,0.24253562503633297
What bombs do. Insanely they are still falling from the skys. #syria #yemen https://t.co/E6t7h3gVX1,no,0.24253562503633297
#thebookofnoodle jag racing. So cool #gorillaz #russia #syria #donbass for the children ty,no,0.5547001962252291
"RT @coachcaseyfit: 9 ft wallü§î If at first you fail, BELIEVE! BELIEVE! BELIEVE! All about that rebound üôåüêíüí™üí• @Bonefrog_ #tbt #wall‚Ä¶ ",no,0.0
"Paul Craig Roberts '#Russia Didn't Attack The UN Aid Convoy, It's A #False #Flag'! https://t.co/NY3Qfknm7S #syria",no,0.41702882811414954
"Peace, fiscal reform would help Colombia draw investors: U.S. official: BOGOTA (Reuters) - Colo... https://t.co/7a3ON54zJM #world #syria",no,0.22360679774997896
"Perspective           
#pub #wall #decorations #london #angel @ The Old Queens Head https://t.co/YtBo3nvhGo",no,0.0
RT @pb4p: .@RBoydBarrett denounces big powers barbaric bombing of Syrian people. Condemns FF double standards #Aleppo #syria https://t.co/t‚Ä¶,no,0.20851441405707477
"Men's place üî®
#little #garage #cabanon #old #platenumber #car #tool #formenonly #home #wall https://t.co/YE3whz5EK2",no,0.0
"RT @Hermius1: Countries supplying arms to Saudis to kill civilians in #Yemen
#syria #reuters #BBCNEWS #CNN #ap #breaking #WSJ‚Ä¶ ",no,0.2182178902359924
"The #bombing of the #concentration of #regime #forces in #DeirEzzor #points
https://t.co/rAWyIz4nCU
#syria #Iraq #BREAKING #news",no,0.2182178902359924
"composite pannel for #wall in #patio
https://t.co/0Tbf2p7tea https://t.co/2NHB1TkWtU",no,0.0
"#Video of the day Batnaya battles near the village north of #Mosul
https://t.co/lYzKzx3QMv
#syria #Iraq #BREAKING #news",no,0.20412414523193154
"Reshuffle looms as Greek PM, sagging in polls, seeks debt relief: ATHENS (Reuters) - Greek Prim... https://t.co/wdlrE4cx5h #world #syria",no,0.20851441405707477
#news #trump #hillary #election #syria Opinion: The growing threat from Russia https://t.co/JGrWewjiBg https://t.co/XC2BBglWhM,no,0.2
#japs #sushibar #thebest in #turin #uramaki #sushi #sashimi #sumo #boy #on the #wall https://t.co/CW5BEmj7Hn #Inst‚Ä¶ https://t.co/iWGkyc4GJ8,no,0.0
"#Putin VS   world   #unsc  by using #vito 5 times in #syria issue 
#RussiaOccupySyria  like  #ukraine  US &amp; The wes‚Ä¶ https://t.co/h6SRjwAV7s",no,0.20851441405707477
"The 'Jungle' camp in France: What is it?: France plans to demolish the so-called ""Jungle"" camp in Cala... https://t.co/2ERT8Li7BV #syria",no,0.17677669529663687
SYRIAN WRITES TO AMERICANS: THE TERRORIST ARE SENT BY YOUR GOVERNMENT https://t.co/4tnmZCM0BD #syria #assad,no,0.24253562503633297
"RT @centochilometri: ""We destroyed our country with our own hands"" #syria",no,0.2773500981126146
#syria sexy girl hbo adult programs https://t.co/I6WCr2ctEV,no,0.31622776601683794
"Meeting of terrorists in Syria! Photo
  #syria #Aleppo https://t.co/uV3gFgstA1",no,0.2886751345948129
"Hey little guy üê¢
.
.
#turtle #üê¢ #animal #hand #white #wall #cute #little #instaanimal #vsco‚Ä¶ https://t.co/XGeaOWCMzl",no,0.0
#ArabSpring is out! https://t.co/2NaAroYKut Stories via @caorc #egypt #syria,no,0.2886751345948129
Asma al-Assad: from Syria's 'desert rose' to 'first lady of hell' - The Guardian https://t.co/Z55CpgLGQ4 #syria #syrianews,no,0.2182178902359924
#syria nude girl pics fat girl boy sex video https://t.co/BX3BK6oNLy,no,0.2581988897471611
"Mike Pence showed up to give a speech and no one started chanting, ""Build the wall!"" I'm dumfounded...  #TrumpPence16 #Merica #killary #wall",no,0.0
The latest The Stephane Klemm Daily ! https://t.co/C4ec9nyGIX Thanks to @Zehub #syria #trump,no,0.24253562503633297
#Britain and Syria - thejournal.ie https://t.co/xrJA5dqnhF #syria #syrianews,no,0.30151134457776363
"RT @Shahin_Bozorgi: Saudi-led coalition: #Tehran backed Houthis violated the ceasefire almost 1,000 times https://t.co/AA7e4oxViP #syria #ÿ≠‚Ä¶",no,0.2182178902359924
"Can you even imagine?
#syria https://t.co/NNRjf0UIx2",no,0.3333333333333333
The Paris Attacks Are Just The Beginning https://t.co/EgAQBZQ3zl #paris #attacks #syria #regime #changs #falseflag,no,0.22941573387056174
Michael Rivero: US Medias Campaign To Get #Hillary Elected. https://t.co/qjpGPN3DiM #clinton #illness #syria,no,0.25
The latest Politically Incorrect! https://t.co/YD1OvEXbKS Thanks to @hadouta @kimberleecline @berniebabe2016 #syria #nodapl,no,0.2581988897471611
RT @BrainerdOda: Ladies and Unique Bathroom Vanities ‚Äì Furniture Interiors #bathroom #wall #covering https://t.co/CriEpssyd9,no,0.0
RT @ChampineMs: 16 Magical Things You Can Do With Fairy Lights #bedroom #wall #murals https://t.co/hqRJ3qVoR7,no,0.0
"RT @s3arch4isis: @towersight: ""...vl'a aut'e chose"" .. Heavy ""CAS""   
USAF's B52 spotted north of Aleppo  #syria https://t.co/sIYDPJVWjP",no,0.21320071635561041
Syria: heavy clashes mark end to Aleppo ceasefire - The Guardian https://t.co/YEgjBjxWfy #syria #syrianews,no,0.25
"Looking at youüòÇüòÇ
#background #graffiti #mural #art #hair #messyhair #blue #vikaari #wall‚Ä¶ https://t.co/qC7ohTIBWE",no,0.0
RT @R_A_W_W: The latest The R.A.W.W. Scoop Daily! https://t.co/39jTelIYWY Thanks to @Dwarfpoo @HealthhFitnss @TrappedInFlesh #syria #chemtr‚Ä¶,no,0.19611613513818404
RT @evkulikova83991: #interior Wall Stickers #bedroom #wall #cabinets https://t.co/h8QeKPp9oc #Camera,no,0.0
The latest The Casraw Daily! https://t.co/afUGgXQuOf Thanks to @fulelo #syria #cats,no,0.25
#news #trump #hillary #election #syria The making of an 'American pimp' https://t.co/UKyH4KUvAf https://t.co/PfpWIHbJWe,no,0.2
"The #destruction of his #successor, the #US #bombing on Town tlkyf Northern #Mosul
https://t.co/unJnNzdc2w
#Iraq #syria #BREAKING #news",no,0.2182178902359924
"https://t.co/vro4dMLIAm Mosul is just a frantic grab for oil, a free-for-all @johnkerry @barackobama #EU #syria #iraq #Kurdistan #Turkey",no,0.19245008972987526
#news #trump #hillary #election #syria 2 injured when prison inmates set fires https://t.co/H3Joshiozk https://t.co/vLRCxp5tlz,no,0.19611613513818404
RT @swapnishj: Captured with #zenfone3 #nofilter #wallart #art #urbanart #homedecor #wall #design #interi‚Ä¶ https://t.co/vELBtVMkEP https://‚Ä¶,no,0.0
"RT @im_PULSE: Britain First and trans-Atlantic left have found another thing they can unite around. 

#redbrown #syria https://t.co/IcZxL6f‚Ä¶",no,0.42640143271122083
"Mosul offensive: ISIS militants fleeing to Syria, says tribal leader - CNN International https://t.co/iXErMtIYQz #syria #syrianews",no,0.23570226039551587
"It'd be difficult, a No-Fly Zone over #syria while also fighting #ISIS @CNASdc",no,0.2581988897471611
Paul Craig Roberts 2013 : Syria : Washington Is Insane https://t.co/MCcFlLhDj6 #war #policestate #syria #StopBombingSyri,no,0.25
"RT @zuherjazmati: When fascists love fascists ‚ù§
#assad #syria #BritainFirst #aleppo https://t.co/aIzB8v8j1p",no,0.25
It's all in the Details #wall #fall #stones #autumn #streetphotgraphy #agreatcapture #photowalk  https://t.co/0W50igpb7j,no,0.0
RT @Libya_SOS: The latest Libya S.O.S. - Daily News! https://t.co/tLK8V73SZx Thanks to @BarbaraKube #russia #syria,no,0.2182178902359924
UK is USA's henchman over Syria and Assad regime' https://t.co/X74a5hngbg #syria #usa #uk #StopBombingSyria,no,0.23570226039551587
US senator: Washington's $500 million Syrian training program aided terrorists https://t.co/pwwlzeux8w #ISIS #syria https://t.co/QEpgkvQqR9,no,0.19245008972987526
#festival offer --&gt; Shop online #wall tapestries only on Handicrunch. Visit https://t.co/TmQ5delnpJ. https://t.co/zDs6FVFkM3,no,0.0
Macmillan backed Syria assassination plot  #syria #falseflag #1957 #StopBombingSyria #regimecha‚Ä¶‚Ä¶ https://t.co/eaYkG1Q8LW,no,0.2672612419124244
RT @RT_CNN: #news #trump #hillary #election #syria Managing Trump: The hardest job in politics? https://t.co/mSA90zFWhh https://t.co/J2p2BA‚Ä¶,no,0.1889822365046136
NEXT 600 FC ‚Äì BMF Bathroom Furniture #bathroom #wall #paper https://t.co/v0qeNszokU,no,0.0
Paini ‚Äì Contemporary Italian Designer Taps for your Bathroom or Kitchen #kitchen #wall #stickers https://t.co/Z1BLhemlrw,no,0.0
The latest https://t.co/Cx2wfLQfJ7! https://t.co/tC4srdh9BO #syria #news,no,0.23570226039551587
RT @LocklearTonia: #Indiana Cheapest bathroom suites #bathroom #wall #paper https://t.co/0pwcjXnaIJ #American,no,0.0
Ideas4Peace is out! #news #affiliate https://t.co/YWewHrbXN1 Stories via @FfP_Global @CampaignNV #socent #syria,no,0.2581988897471611
"RT @KujawskiMitch: Glass Countertops for Kitchen, Bar, Bathroom #bathroom #wall https://t.co/343gNgkGWN",no,0.0
RT @MaderSarina: NEXT 600 FC ‚Äì BMF Bathroom Furniture #bathroom #wall #paper https://t.co/Rb9jfrNlJ8,no,0.0
"RT @MoscowTimes: Russia's Flotilla Flop: Moscow wanted to impress the world, but mostly we just laughed. #syria #kuznetsov‚Ä¶ ",no,0.22941573387056174
"Further proof, if anyone needed it, that #ISIS #Russia &amp; #Assad fight on the same side in #Aleppo #syria https://t.co/zqDN4xi6pw",no,0.20851441405707477
@J_Wattts did I mention he compared Syria to the French Revolution. Really bitch? Go read a book üò°üôÑ #syria,no,0.23570226039551587
The latest In My View! https://t.co/wOzRPW4ZUv Thanks to @srslynotnox @DanOCluanaigh @berky919 #syria #aleppo,no,0.25
RT @DeplorableZoe: Madam Secretary #RejectedTrumpTVshows #syria #SyrianRefugees #maga #HillaryForPrison2016 #SourcesHaveConfirmed‚Ä¶,no,0.31622776601683794
"@BrandpuntTV World leaders,shame, shame,shame,shame, #syriashame ,shame,shame, shame,shame,shame,shame,shame on you for #syria #SyrianWar",no,0.08770580193070293
RT @iSiyasah: Cc #bds leftist propagandists who use #palestinian cause to attack #syria https://t.co/rlFK2jKB3Q,no,0.48507125007266594
"What is a pressurized wall &amp; is it legal?
#pressurized #wall #news #tips #rental #CathyBrentRealEstate #homeowners 

https://t.co/iuMbL0xxyu",no,0.0
RT @bhbuildingBrian: @_LONDONSTONEsw  here's the pics that's crying out for your copings to finish it all off #seat #wall #firepit will‚Ä¶,no,0.0
RT @franscuen: Yellow wall #yellow #wall #Mexico #Monclova #adidas #black #colours #life https://t.co/xfUKDkPeXr,no,0.0
"David Icke: False Flags, Hoaxes &amp; Puppet Terrorists  https://t.co/vEQjT3bn6n #false #flag #syria #terrorism #freedom",no,0.24253562503633297
RT @pofomina21539: Large and Small Corner Baths at Bathroom CIty #bathroom #wall #cladding https://t.co/cm5JNEkHXQ,no,0.0
RT @franscuen: Yellow wall #yellow #wall #Mexico #Monclova #adidas #black #colours #life https://t.co/xfUKDkPeXr,no,0.0
The latest Intidar Daily! https://t.co/X728dFBgtN Thanks to @Debnicolina @TulinDaloglu @vpkivimaki #syria #palestine,no,0.2581988897471611
"RT @moezx: This is the #saudi #isis and #nusra ideology, and #america wants to hand #syria to them. #iraq #mosulops #mosul  https://t.co/f2‚Ä¶",no,0.3713906763541037
#Espana #RajoyPresidente #Putin #genocide #murder #Aleppo #syria #Shame Blood on your hands @marianorajoy serving t‚Ä¶ https://t.co/TQTi7NwCpy,no,0.2182178902359924
RT @ASatyanarayanan: @HillaryClinton made millions from weapons deals while creating the greatest human suffering since WWII. #syria https:‚Ä¶,no,0.23570226039551587
RT @georgegalloway: Rent or buy this film HMV Amazon iTunes etc. Don't let him get away with his crimes #Iraq #syria #Isis #AlQaeda https:/‚Ä¶,no,0.2
"RT @CowansQiana: Aidan Gray Home- Modern Antique Furniture, Lighting, Decor Store #bedroom #wall #shelves https://t.co/XPrs8WJdLT",no,0.0
#news #trump #hillary #election #syria Disney is bringing back 'Muppet Babies' https://t.co/0f7KN6eL4L https://t.co/qO7UfrhxbC,no,0.2
RT @PwhitisWhitis: #Jacksonville Vaughan Bassett Furniture #bedroom #wall #decor https://t.co/Y1EDaFhQxt,no,0.0
"RT @kokozaw5: #Essenza @dexterilgatto 
#AE @JonaSchnedi 
#iWidget @ev_ynw 
#wall G+
#ssapp @JunesIphone 

Thanks üôèüèªüòç https://t.co/DXFL1Pi70q",no,0.0
RT @CrosierTomasa: #Idaho Baby ‚Äì s room #bedroom #wall #units https://t.co/N8scE5zHbx #Computers,no,0.0
Kerry's Plan at Balkanising Syria https://t.co/jB67Wtd1D1 via @sharethis #syria #balkanization #assad #oded #yinon,no,0.24253562503633297
"#Warcrimes piling up as #NGOs work hand in hand with terrorists in #syria
https://t.co/rnmwylz45z",no,0.2182178902359924
UK Column News 24th Aug 2016 https://t.co/wgtR8b2csl #child #sex #church #abuse #syria #hague,no,0.25
RT @iran_policy: #Iran: Mullahs‚Äô regime underscore widespread dispatch of IRGC members to #syria https://t.co/IPBsY1LEBL #FreeIran‚Ä¶,no,0.23570226039551587
RT @iran_policy: #Iran: Mullahs‚Äô regime underscore widespread dispatch of IRGC members to #syria https://t.co/IPBsY1LEBL #FreeIran‚Ä¶,no,0.23570226039551587
"This time, not even @UNReliefChief was saved from the usual angry exchanges at #UNSC meetings about #syria",no,0.24253562503633297
RT @sam_vinograd: The world will not forgive us for our inaction - so tragically true John Allen and @Charles_Lister #genocide #syria  http‚Ä¶,no,0.2182178902359924
"Microsoft aims to wow with high-end PCs, 3D software https://t.co/1hk4EXDXdp #syria #ŸÑŸäÿ®Ÿäÿß #ÿßŸÑÿÆŸÑŸäÿ¨",no,0.24253562503633297
The list of MPS without a heart #syria https://t.co/TT5NA7ypSS,no,0.2886751345948129
RT @beckycarroll7: Sec. @JohnKerry at @ChicagoCouncil says we will find a way to end the humanitarian crisis in #syria but 1st we need to e‚Ä¶,no,0.18569533817705186
Hopes rise for breakthrough in EU-Canada trade talks https://t.co/qGEPqw7JMX #syria #Tunis #MiddleEast,no,0.25
RT @rosenblatt77: #Garland Cute Rug For Girls Room #bedroom #wall #designs https://t.co/y63WA3U7mS #Dc,no,0.0
RT @koester19971: Buy Kitchen utensils at ‚Äì Your Online Shop for Home and garden #kitchen #wall #tiles https://t.co/Nstjpip3L4,no,0.0
"Ban ki moon and representative of criminal #assad in #un
shame on u
#syria https://t.co/Hg4rfJi6Vb",no,0.23570226039551587
"RT @kovandire: watch 
A Kurdish female sniper in action against #turkish islamist alqaeda in N-#syria #twitterkurds #FemaleState‚Ä¶ ",no,0.22360679774997896
"RT @TaunyaScales: Range Hoods, Shop Kitchen Ventilation &amp; Range Hood Products #kitchen #wall #colors https://t.co/MD3FCtQdeK",no,0.0
"Gray stairs by @andrecoandreco , last days in Bitonto. #gray #climate #wall #paint #andreco‚Ä¶ https://t.co/bZsQ7GEgep",no,0.0
"At UNESCO, Syria complains of Israeli archaeological digs - inside Syria - The Times of Israel: The Ti... https://t.co/GHqunOJmOC #syria",no,0.19245008972987526
RT @AmericanTileDep: A wonderful bathroom with stylish travertine tiles üõÄ #tile #floors #bathroomfloor #bathroomwall #wall #interiors‚Ä¶,no,0.0
The latest The Hasan Shahin Daily! https://t.co/75Ju5c5gj1 Thanks to @super_trades #leadership #syria,no,0.24253562503633297
#Aleppo braces for harsh winter https://t.co/aSBb0LKKTw via @AlMonitor #syria,no,0.2886751345948129
The latest Hella Delicious Roundup! https://t.co/gSosRxLJEt #syria,no,0.31622776601683794
Malaysia to buy navy vessels from China in blow to U.S.: MANILA/KUALA LUMPUR (Reuters) - Malays... https://t.co/kgaq3qtpZx #world #syria,no,0.2
RT @natopapress: Day 2 #GSMRome about to start #carrabinieri experts MPs back for discussions on #migrants #syria #Iraq Follow live:‚Ä¶,no,0.22360679774997896
#USA @BarackObama @POTUS &amp; #Russia  @PutinRF ; enjoying playing a game of killing in #syria/#iraq,no,0.2581988897471611
RT @ChambersRossana: Homelife ‚Äì Bedroom Makeover Ideas #bedroom #wall #stickers https://t.co/AiNpzjOAdX,no,0.0
RT @georgegalloway: Rent or buy this film HMV Amazon iTunes etc. Don't let him get away with his crimes #Iraq #syria #Isis #AlQaeda https:/‚Ä¶,no,0.2
"RT @schrupp97: Bathroom Suites, Fittings&amp;Fixtures Sale #bathroom #wall #mirror https://t.co/szAwMZkion",no,0.0
RT @lstanbulda: @rykaminski @j_laumann US and Saudi Arabia are still there I guess #iraq #afghanistan #yemen #libya #syria #abuGhraib #gtmo‚Ä¶,no,0.22360679774997896
Hanging your photos just got easier! https://t.co/k4F2DMGG4v #home #wall #decor #Tips #style,no,0.0
The latest The InfoHeaders Journal #Russia! https://t.co/hoHbZgvPJf Thanks to @EurasiaNet @russiabeyond @mfa_russia #syria #uselection,no,0.22941573387056174
"RT @MEXODOX: The real face of E #Aleppo revealed: a Jihadist hell-hole, indistinguishable from #Libya #Iraq #Yemen #Afghan #syria https://t‚Ä¶",no,0.21320071635561041
RT @UNICEFEthiopia: Childrens Daily is out! https://t.co/ewcvlJ3UIj Stories via @Irish_Aid @VSO_Intl @giqyxybadoda #unicef #syria,no,0.24253562503633297
RT @FryeMarcos: #Wichita 10 Double-Duty Nightstands #bedroom #wall #decals https://t.co/kQ4IcfYiCp,no,0.0
"RT @SadSujudi: #syria: If this is not WAR CRIME, then what is the WAR CRIME for USA ?https://t.co/A7FfuLA1RA #FreeIran #No2Rouhani #SyriaTa‚Ä¶",no,0.18257418583505536
"""when you crush politics, when there is no political life, religious identity will prosper."" https://t.co/FEbbCoKS78 #syria",no,0.2182178902359924
"RT @ahmadghanbari11: #syria: If this is not WAR CRIME, then what is the WAR CRIME for USA ?https://t.co/UqgpsWkPWp #FreeIran #No2Rouhani #S‚Ä¶",no,0.18257418583505536
The latest The A.Kalash Daily! https://t.co/XG72uVyXJ4 Thanks to @Ukrainolution #lebanon #syria,no,0.24253562503633297
"RT @ricekebab_james: Every sunni in #syria should raise their hands and make dua for #ISIS to Win . cuz if shias take #Mosul , you are Next‚Ä¶",no,0.2
Tom Heaton could have saved the dinosaurus from extinction! Jesus lord what a performance #wall,no,0.0
Let the green bus pick up those bastards #syria #saa #ghouta https://t.co/eBnDKXMrTM,no,0.2581988897471611
Northern Ireland leader says special status for province possible after Brexit: BELFAST (Reuter... https://t.co/n6GM2aUd9c #world #syria,no,0.22941573387056174
RT @elguseva29305: Sealant used to prevent water getting between bath and wall? Home Improvement Stack Exchange #bathroom #wall #clocks htt‚Ä¶,no,0.0
RT @GkrahnKrahn: #Wilmington Stencil Studio Online Shop #bedroom #wall #decor https://t.co/kuMdMJwCml #Like,no,0.0
#sudia trying for #aggravation #ethnic differences in #iran #syria #cyrus #arab #ForeignPolicy https://t.co/cmTNTz40QL,no,0.25
Read @BorisJohnson @Number10gov @POTUS @BBCNewsnight @BBCNews @Channel4News #UN #syria #UNSC #UNGA https://t.co/tEZKICGjJm,no,0.5163977794943222
"RT @EHSANI22: Western policy makers, media, establishment so bankrupt that they ended up on side of #alqaeda in #syria. https://t.co/HN8DU9‚Ä¶",no,0.20851441405707477
#news #trump #hillary #election #syria Conway: Man who said chant is 'deplorable' https://t.co/VZdgVEY8CH https://t.co/VW7KL1QcY0,no,0.19611613513818404
RT @EmoryNoga: #Portland Stencil Studio Online Shop #bedroom #wall #decor https://t.co/Kyb8moB5LN,no,0.0
#news #trump #hillary #election #syria Facebook's ad options could be discriminatory https://t.co/3RgtjsLUbY https://t.co/1MsmSxi58w,no,0.19611613513818404
"RT @moparvicd: ""@Wenmay316: @steph93065 #CrookedHilary #syria #Russia #EmailScandal #PodestaEmails23 #Trump https://t.co/2fiJAm0hUi"" just t‚Ä¶",no,0.23570226039551587
"Sorry West, the Syrian people have chosen - Assad isn't going anywhere https://t.co/k0AqA2sOQw #syria #assad #russia #ISIS",no,0.21320071635561041
RT @RCDefense: U.S. May Need More Troops in #syria | via @MilitaryTimes @andrewtilghman https://t.co/JCMi70NADd https://t.co/9D4v3TDIBg,no,0.19245008972987526
RT @auld1976: #Atlanta Bedroom Height TV Stands #bedroom #wall #clocks https://t.co/6QrKEvxQPZ #District,no,0.0
#syria womens xxx sexual addicted https://t.co/nuo65n5aoq,no,0.3333333333333333
"RT @a_vautravers: #syria tank armour ""rocks"" - quite literally... https://t.co/MOXqdWRWHG",no,0.2886751345948129
"RT @AlalamChannel: #Turkey Sends More #troops to #Northern #syria 
https://t.co/xd3aoXDsxv https://t.co/czMhLN7mwr",no,0.20851441405707477
"RT @Col_Connaughton: A Rose in the Desert: Asma Al-Assad, Lady Diana of the Middle East https://t.co/AZ6ffI1tiP #assad #syria #usa #regime‚Ä¶",no,0.19611613513818404
Who said it? @arresteddev or @realDonaldTrump ?! #wall #halloween #quotes https://t.co/nhsTCEbLOf,no,0.0
GREAT IN GREY.. #beanie #autumn #clothing #leather #hoody #fashionista #femme #girl #unisex #streetart #wall https://t.co/bzvJengkIK,no,0.0
The latest Revolution And Arabian News! https://t.co/kjfXvfyVPF Thanks to @FardinMah @RGhebresi @Truth_Tellerzz #syria #iran,no,0.24253562503633297
RT @RT_CNN: #news #trump #hillary #election #syria FBI unlikely to finish review of new emails before election‚Ä¶,no,0.22941573387056174
RT @ArmandoOrton: #Indianapolis Bathroom Items #bathroom #wall #clocks https://t.co/Xd8ujk8cWE #Phoenix,no,0.0
The latest Nasso Daily! https://t.co/YtrP36gkCh Thanks to @paul_salem @Kataeb_Eng #halloween #syria,no,0.2672612419124244
"#Video #barracks #bombing and #gathering of #Peshmerga Northeast of #Mosul, #mortar
https://t.co/TP2huz0RUA
#Iraq #syria #BREAKING #news",no,0.2182178902359924
"David Icke: The #Isis Crisis, The Hidden Hand https://t.co/kTZjUIz9tF #syria #newworldorder #neocons #israel #usa",no,0.22941573387056174
"November 01, 2016 at 03:45AM and the syrian army is playing sim #syria https://t.co/dSiEdgzsyK",no,0.6380711874576984
We're not in perfect control': US plans operation against Islamic State in Syria despite o... https://t.co/1KZ1GRP7nP #syria #syrianews,no,0.20412414523193154
RT @ArmandoOrton: #Indianapolis Bathroom Items #bathroom #wall #clocks https://t.co/Xd8ujk8cWE #Phoenix,no,0.0
#Liveleak Syria- The new graveyard of the Russian Invaders: History bears testimony as to h... https://t.co/scnqlHWChR #syria #daeshbags,no,0.2182178902359924
[WATCH] Five short films go inside #Italy‚Äôs chaotic #refugee reception system: https://t.co/4YhdODFaPD via @opensociety,no,0.4023689270621825
"RT @yaxle: Playtime for two #SouthSudan #refugee kids after reaching safety in Busia, #Uganda https://t.co/kezdNP2Gti",no,0.4023689270621825
RT @BobNeufer: (VIDEO) - Happy #WorldSmileDay from #Syria #refugee children and @wvlebanon &amp; @worldvisioncan - https://t.co/coyg9Rfltu,no,0.6565698352151748
RT @KabulWashington: Hot #ChaiWala is a #refugee from #Afghanistan ##Paktia province saidkaram district #chaiwalla,no,0.456243478417038
RT @KabulWashington: Hot #ChaiWala is a #refugee from #Afghanistan ##Paktia province saidkaram district #chaiwalla,no,0.456243478417038
RT @HumanityStrong: Are you with them? Are you with #UNICEF? We are. #ChildrenFirst #refugee #migrant https://t.co/YPtuOdxbd0,no,0.7414213562373095
"Skittlegate continues -- David Kittos, a #refugee from #Cyprus, sues Donald Trump et al. for copyright infringment: https://t.co/vN0bil4Zq0.",no,0.38172068075839793
"RT @steve0423: The #SyrianRefugees #RapeRefugees #refugee children are ready for their first day of school! üò†üò†üò†
#debate #debates‚Ä¶ ",no,0.6565698352151748
"RT @Unicefuk_media: 'This isn't a #refugee problem, it's a political issue' @stellacreasy tells @susannahbutter https://t.co/SI2JpdsxrZ‚Ä¶ ",no,0.348461712529338
RT @calix: Rama Kattabeh tells of challenges of being a Syrian #refugee. Home demolished. Nowhere to go &amp; so much more‚Ä¶,no,0.3559563702119719
"RT @eurosluggard: I'm not saying #xray-loving, #refugee-hating MP @DavidTCDavies is an uptight narcissist, just because of how he sig‚Ä¶ ",no,0.3639563886444922
RT @CounterJihadUS: State Dept admits that #ISIS is using #refugee flows to infiltrate the West. https://t.co/BTk8cW9GIi,no,0.39163715500132423
RT @EminaHRW: Syrian girl swinging in front of her #refugee home in #Greece. She is 10 but hasn't spent one day in school. Ever. https://t.‚Ä¶,no,0.2885537118791427
"RT LotteLeicht1: Safe, happy and cheeky as all children should be. 
A young #Syria #refugee in a UNICEF supported ‚Ä¶ https://t.co/Ov4JpZqw07",no,0.5644707842690466
RT @PA: Watch #BenedictCumberbatch discuss the UK's response to the #refugee crisis as he receives a humanitarian award in‚Ä¶,no,0.3639563886444922
Pa Eh Soe's #digitalstory about leaving her best friend when she moved to the U.S. #karen #refugee #friendship https://t.co/uFPxGfRofE,no,0.348461712529338
RT @PA: Watch #BenedictCumberbatch discuss the UK's response to the #refugee crisis as he receives a humanitarian award in‚Ä¶,no,0.3639563886444922
RT @EminaHRW: Syrian girl swinging in front of her #refugee home in #Greece. She is 10 but hasn't spent one day in school. Ever. https://t.‚Ä¶,no,0.2885537118791427
"It's a fairy tale how we lived and ended up here..

#refugee #crazyhaze #thenorthwest https://t.co/8bLXuLd4do",no,0.39163715500132423
RT @ThomDavies: Here's a research paper from when @Isakjee and I visited the #Calais #refugee camp during its creation 18 months ago https:‚Ä¶,no,0.348461712529338
RT @SputnikInt: Several Syrian #refugee children were found making clothes for UK brands at Turkish factories‚Ä¶,no,0.9267766952966369
RT @ThomDavies: Here's a research paper from when @Isakjee and I visited the #Calais #refugee camp during its creation 18 months ago https:‚Ä¶,no,0.348461712529338
"RT @its2016cmon: ayo man i'm a #refugee i'm starving, don't touch me, you might break my $300 headphones fam. https://t.co/G96vmattVI",no,0.30177669529663687
For those wanting to understand activity from Calais today - livestream here:  https://t.co/BWE5Qdb6Sy #TheJungle #calais #refugee,no,0.4023689270621825
"an #Iraqi soldier helps a displaced man push a car as they arrive at #refugee camp in the town of #Qayyarah , south‚Ä¶ https://t.co/ByNbxQf62S",no,0.3226128574608258
RT @hannarosebutler: Watch: Majed a Kiwi who came to NZ as a #refugee from #Syria cooked with @mikevandeelzen on Kiwi Living tonight - http‚Ä¶,no,0.32853285321782955
RT @EminaHRW: Syrian girl swinging in front of her #refugee home in #Greece. She is 10 but hasn't spent one day in school. Ever. https://t.‚Ä¶,no,0.2885537118791427
"RT @LucidHurricane_: #BREAKING man who killed former co-worker, himself in Va. workplace shooting came to US as #refugee from Kenya. https:‚Ä¶",no,0.3639563886444922
"RT @LucidHurricane_: #BREAKING man who killed former co-worker, himself in Va. workplace shooting came to US as #refugee from Kenya. https:‚Ä¶",no,0.3639563886444922
RT @ArabianVeritas: #Saudi campaign distributes school bags to hundreds of #Syrian #refugee students in Jordan. | #Syria #Refugees‚Ä¶,no,0.4140342101788418
@CSF_Canada @LaughterArts @realpatchadams @joyologist #laughter has no foreign accent! #puppet #children #refugee https://t.co/FpVnZ02NJ1,no,0.6767766952966369
RT @bdmowell: #Italian prime minister repeats threat to veto #EU #refugee quotas for his country  https://t.co/GskBOOj9z3,no,0.39163715500132423
@CSF_Canada @LaughterArts @realpatchadams @joyologist #laughter has no foreign accent! #puppet #children #refugee https://t.co/FpVnZ02NJ1,no,0.6767766952966369
"Canadians becoming more #immigrant friendly amid #refugee crisis, survey finds https://t.co/X5DxPdfJD2",no,0.456243478417038
A garder in the middle of the #Jungle #afghan #refugee #Calais #asylum https://t.co/Os3QEblNHS,no,0.4023689270621825
RT @cause2createuk: Join our #hack workshop in #London &amp; help create real change for those affected by the #refugee crisis #CreateChange ht‚Ä¶,no,0.3639563886444922
RT @NikoliaA: Watch my @AJ  video on how music helps #refugee children heal from the traumas of war in #Lesbos https://t.co/URHcHusJaP,no,0.5525858577612696
RT @wrcommission: Our #CGI2016 commitment 2 transition Syrian #refugee women+girls fr. cash asst. 2 the workforce is a win for all:‚Ä¶,no,0.348461712529338
"Pulled from the sea, a #migrant \#refugee learns her fate : https://t.co/jIhutJBwax via @ReutersTV",no,0.9267766952966369
RT @abcnews: #ICYMI: Perth lawyer raised in Ugandan #refugee camp after fleeing South Sudan wins industry award‚Ä¶,no,0.4140342101788418
"""We ought to talk openly with our children about #HIV/#AIDS"" - a #refugee support grp member after a facilitated fi‚Ä¶ https://t.co/0H2Sjl3BwX",no,0.5309073193326754
RT @WFP: Listen to #VAMTalks &amp; discover how #BigData analysis helps track #refugee movements in #Lebanon ‚Üí‚Ä¶,no,0.42677669529663687
"RT @OzRefugeeCounc: Can anyone remember the last time they saw the fair go? It's not anywhere near our #refugee policy, that's for sure.
ht‚Ä¶",no,0.3116736307086359
"This gave me hope that I lost 5 years ago.' Meet Nadia, 19 yr old Syrian #refugee in our #MeWeSyria program: https://t.co/yqiY6V4fz8 #syria",no,0.5309073193326754
RT @david_manne: Proposed #refugee visa ban laws would impose a life-long sentence on victims of persecution &amp; set another very dangerous p‚Ä¶,no,0.3559563702119719
RT @Honeputu: #refugee legislation is nothing more than a Dutton distraction 2 take minds off the refugees rotting on Manus &amp; Nauru,no,0.3639563886444922
#Techfugees is the #tech community'92s response to the #refugee crisis https://t.co/xvttzog6PB #HACK4REFUGEES #Techfugees #Sydney,no,0.3639563886444922
"RT @PeterWMurphy1: Dear PM @TurnbullMalcolm, Thanks for protecting us from the #AsylumSeekers. Y'know like #refugee #AguekNyok!#auspol
 htt‚Ä¶",no,0.39163715500132423
RT @ActionfromCH: Heartbreaking words from a #refugee lady who comes to our #AthenaCentreforWomen on #Chios https://t.co/C7oDM9BJzy,no,0.39163715500132423
"RT @WorldVisionIre: ""If we are being educated, life has returned."" Re: #Education of #refugee #children #KidsDeserveBetter #WorldVision‚Ä¶ ",no,0.6565698352151748
"RT @WorldVisionIre: ""If we are being educated, life has returned."" Re: #Education of #refugee #children #KidsDeserveBetter #WorldVision‚Ä¶ ",no,0.6565698352151748
"RT @WorldVisionIre: ""If we are being educated, life has returned."" Re: #Education of #refugee #children #KidsDeserveBetter #WorldVision‚Ä¶ ",no,0.6565698352151748
"RT @RefugeeAction: As it's Halloween, here's a story about some #refugee families who loved #HarryPotter. Thanks Michelle for sharing‚Ä¶ ",no,0.3559563702119719
"RT @iactRipple: Planting seeds of protection, peace &amp; learning for #refugee children &amp; community. Become a @iact Sustainer of Action https:‚Ä¶",no,0.5414213562373096
RT @PoliticalIslam: ‚ÄúWhy are we letting them in?‚ÄùNew #video dismantles case for #refugee influx https://t.co/v9JrADcMSp @securefreedom http‚Ä¶,no,0.3725212401980843
RT @OzRefugeeCounc: Aus #refugee policy separates families every day. Yesterday's proposal would make this a lifelong reality for thousands‚Ä¶,no,0.38172068075839793
RT @IslamicRelief: What motives Shawky to come to work everyday it the opportunity to help #refugee #children that are in need - https://t.‚Ä¶,no,0.5026971092138263
RT @Kon__K: Malcolm #Turnbull's #refugee policy perfectly summarised by 1 @davpope cartoon. #qanda https://t.co/MzYWht2c4q,no,0.4023689270621825
"RT @RefugeeAction: As it's Halloween, here's a story about some #refugee families who loved #HarryPotter. Thanks Michelle for sharing‚Ä¶ ",no,0.3559563702119719
Barrel bombs hit largest hospital in rebel-held #Aleppo #dkaid #dkmedier #dkpol #syria https://t.co/uXb00mdjlc via @YahooNews,yes,0.22941573387056174
#Liveleak Aleppo's main hospital on rebel side bombed again: Russian warplanes and their Sy... https://t.co/4eFCw7ReEx #syria #daeshbags,yes,0.2182178902359924
Syria conflict: Besieged areas of Aleppo a 'living hell' - BBC News: BBC NewsSyria conflict: Besieged ... https://t.co/LH2C4AR0n5 #syria,yes,0.19611613513818404
UN on Syria: 'A level of savagery no human should have to endure' - CNN: CNNUN on Syria: 'A level of s... https://t.co/rXNWB5L4yu #syria,yes,0.3333333333333333
RT @JonHutson: The latest The humanrights Daily! https://t.co/LouAVBqbEU Thanks to @HolzmanK @HomaPourasgari @akaSassinak #syria #aleppo,yes,0.22360679774997896
RT @sam_325: Russian and Syrian warplanes accused of destroying Syria's cave hospital #syria #hospital. https://t.co/O9zlDL3fl6,yes,0.2182178902359924
Christian leaders urge 'safe zones' for Aleppo https://t.co/qxsXxJ3y6Y #AlJazeera #ÿßŸÑÿ≥ÿπŸàÿØŸäÿ© #syria,yes,0.2672612419124244
"The Obama administration is considering an adopt-a-refugee plan to open U.S. doors https://t.co/QxaWbsgZFH via @bpolitics
#syria",yes,0.5771571050001026
"#Liveleak USA / Russia : diplomatic breakdown over Syria: Just a few weeks ago, the world f... https://t.co/KCKwnM7IZn #syria #daeshbags",yes,0.2182178902359924
Voting for U.N. chief moves to key stage with Guterres top pick: UNITED NATIONS (Reuters) - A s... https://t.co/1orxF36R7R #world #syria,yes,0.20412414523193154
"I support the white helmet you do a god job  ,and I am against personal interest whose Syrian people is victim,live is sacred #syria #onu",yes,0.18257418583505536
Residential area is obliterated by Russian bombs in Aleppo https://t.co/U4C1JnuE6F #syria #russia #iran # terrorism,yes,0.24253562503633297
RT @DrShajulIslam: This is the difference you can make for #hospitals in #syria.  Help us so we can help them. @UKActionRefugee.‚Ä¶,yes,0.20851441405707477
RT @hakkad88: Be the voice for the the voiceless in #syria .. #sos humans are being exterminated #Act2EndAssadsWar http://t.co/CbScODKA8f,yes,0.19245008972987526
Build a wall or two. #wall,yes,0.0
RT @rutgerschurchny: Sunday@11 Learn about situation in Syria &amp; Impact of refugee crisis #pcusa #refugees #wechoosewelcome #syria #uws‚Ä¶,yes,0.621052888871886
"#UNICEF,. Twin  #girl from  #syria #Aleppo., #children do not #forget to #smile.. #life #refugeecamp,,‚Ä¶ https://t.co/9ptDfhudUd",yes,0.47140452079103173
@DIRECTD3MOCRACY #ww3 #USArmy #War #Russia #nhs #bbc #syria #nato #uk #eu #YouTube Old News already war is on already,yes,0.4364357804719848
"A must read summary about #syria #russia and #NATO 

https://t.co/kGbKYmvY8n",yes,0.2773500981126146
"Whats Really Happening in #aleppo
#syria #reuters #BBCNEWS #CNN #ap  #itn #damascus #homs #amanpour #guardian
https://t.co/gBiOv5kjWP",yes,0.22941573387056174
"250,000 , 150,000 now 90,000 ""trapped in Aleppo"" theyre making numbers up as they go along #syria",yes,0.2
EU officials see no end to sanctions against Russia over Ukraine https://t.co/Xe0X1LdkSI #uae #syria #ŸÖÿµÿ±,yes,0.23570226039551587
#refworld Syrian Arab Republic: United Nations cross-border operations under UNSC resolutions 2165/219... https://t.co/Hbb9hUiNk3 #syria,yes,0.22941573387056174
"The Truth about Aleppo
#syria #syriacrisis #aleppo #damascus #kurds #holocaustaleppo #putincrimes #assadcrimes 
https://t.co/gBiOv5kjWP",yes,0.25
International aid trucks arrive in Syrian town of Madaya https://t.co/FQjcmjHb6Y #syria #aid #seige,yes,0.23570226039551587
"Metalhead respect solidarity for syria

#metalhead #respect #syria #charity #concert #metal #jakarta‚Ä¶ [pic] ‚Äî https://t.co/2lYCYJSeu8",yes,0.4364357804719848
Finland to host UN aid summit on Syria https://t.co/cU0JbHXLJA #uutisvahti #finland #un #syria,yes,0.5
War Propaganda: SyriaÔøΩs Destruction by the Lies of the Western Media. https://t.co/mH0WBvYt20 #syria #hegemony #usa #propaganda #media 1,yes,0.20412414523193154
"RT @Col_Connaughton: #StopBombingSyria Europe's #Refugee Crisis, Depraved Morality of David #Cameron https://t.co/On1obtUq9W #syria https:/‚Ä¶",yes,0.22360679774997896
#Syria is out! https://t.co/KKvc6SuSCq #FF @_paulo34 @hadialbahra @NightsideAEB #syria #aleppo,yes,0.2773500981126146
"Aleppo air strike kills 14 members of one family, say rescuers #syria #aleppo https://t.co/WAlWzFvZA4",yes,0.24253562503633297
"RT @SherineT: Glad to hear so many member states talk about the need for accountability,hope there is follow through #UNGA #syria",yes,0.21320071635561041
Another helpless #syrianrefugee child arriving in London this morning. Glad we're here to help  #RefugeesWelcome https://t.co/SSYtKgKgQR,yes,0.0
International aid trucks arrive in Syrian town of Madaya https://t.co/FQjcmjpAfq #syria #aid #seige,yes,0.23570226039551587
RT @ovr2you: Proof here that #ISISisIsrael! https://t.co/DGauE6zOpx Reason 4 proxy war against #syria is expansion by #zionists! http://t.c‚Ä¶,yes,0.2
RT @robertbreeze: Here is the bottom line #syria #refugees #calais #showsomefuckingcompassion https://t.co/0GovcUcAkj,yes,0.2581988897471611
"RT @HopeSarout: #syria #DeirEzzor
A little girl trying to collect the cooking oil that spilled on the floor, after dropping aid by‚Ä¶ ",yes,0.20412414523193154
@ASOS_HeretoHelp @marksandspencer @nextofficial stop #syrianrefugee #children being exploited in your supply chains!,yes,0.2886751345948129
"RT @Mahiman73: Who is killing innocent ppl in #syria &amp; #yemen not #Jews , nor #Christian neither #Hindus but #Muslims‚Ä¶ ",yes,0.22941573387056174
make america great again #trumpwall https://t.co/mC6zDyFjjq,yes,0.0
#UN aid chief voices ‚Äòdeep frustration‚Äô as medical evacuation plan for Aleppo scrapped https://t.co/jsXiD3jEBj #syria #iraq,yes,0.4588314677411235
"MOTHER AGNES on #Aleppo lies
#syria #reuters #BBCNEWS #CNN #ap #breaking #WSJ #WorldNews #TIME  #guardian #skynews
https://t.co/j7Vb2Mq179",yes,0.22360679774997896
"Human Rights Watch: IS group mines kill, wounds hundreds of civilians, including dozens of children, in Syria town. @AP @hrw #syria",yes,0.41702882811414954
"RT @Terry_Andover: 300 Civilians killed by US atttacks
#syria #reuters #BBCNEWS #CNN #ap #breaking #WSJ #WorldNews   #guardian #skynews
htt‚Ä¶",yes,0.22941573387056174
RT @DrShajulIslam: 14 children killed still holding bags as they were heading to school in #idlib #syria today. How sad. Please share‚Ä¶,yes,0.42640143271122083
"MOTHER AGNES on #Aleppo lies
#syria #reuters #BBCNEWS #CNN #ap #breaking #WSJ #WorldNews #TIME  #guardian   #skynews
https://t.co/3nM2gUhlKG",yes,0.22360679774997896
#france openly supports the brutal torture and slaying of 250 children in #syria with financial and military aid https://t.co/w4KWpMcMmE,yes,0.4082482904638631
"RT @manatrue: #syria #uk #assad #russia #nato 

#serenashim knew and she could not be allowed to live woth that knowledge https://t.co/z1gp‚Ä¶",yes,0.20412414523193154
RT @natopapress: Starting tomorrow #GSMRome - Seminar on #Libya #MENA #WesternBalkans #syria #Iraq More information (IT/EN/FR):‚Ä¶,yes,0.24253562503633297
RT @AFPphoto: #syria Children run for cover following reported government air strikes on the rebel-held town of #Douma #AFP Photo‚Ä¶,yes,0.2182178902359924
"#MiddleEasteye Rebel fire 'kills six children' in Aleppo: 
  Language 
 Undefined

    ... https://t.co/bwvaVIszTi #syria",yes,0.5163977794943222
RT @BehzadMoezi: I'm crying today https://t.co/7U61Ysvg7I Mullahs whip #Children- #Iran have no shame either2destroy #kids'n #syria https:/‚Ä¶,yes,0.20412414523193154
"üò¢üò¢üò¢
Syria 
#terrorismHasToStop 
#endwar
#Idlib 
#SyriaCrisis 
#syria",yes,0.4082482904638631
"RT @hasanalmossa: Our children
Condemned to hope #syria https://t.co/to56fBi3bh",yes,0.5773502691896258
RT @SumerSloan: Never forget the children the world has lost #syria #Iraq #Gaza worldwide https://t.co/l8KZ1lZv3L,yes,0.4472135954999579
RT @Abihabib: Civilians in west Aleppo falling victim to FSA and other rebels launching rockets and suicide attacks. #syria,yes,0.2182178902359924
"RT @hasanalmossa: Our children
Condemned to hope #syria https://t.co/to56fBi3bh",yes,0.5773502691896258
RT @drudgeheadlines: Rancher yearns for #Trump #wall... It's #cartel land... https://t.co/yS3QXPpaqS,yes,0.0
RT @Radioirava: I'm crying today https://t.co/60Vv1gnRxK Mullahs whip #Children in #Iran have no shame either2destroy #kids'n #syria https:‚Ä¶,yes,0.2
This is heartbreaking. The remaining Drs in #syria are real heroes https://t.co/oW0GDnrzLi,yes,0.2581988897471611
"This gave me hope that I lost 5 years ago.' Meet Nadia, 19 yr old Syrian #refugee in our #MeWeSyria program: https://t.co/yqiY6V4fz8 #syria",yes,0.5309073193326754
"Australia plans to ban asylum seekers from ever visiting: CANBERRA, Australia (AP) ‚Äî Australia on Sund... https://t.co/j0zj2KIuiJ #syria",yes,0.19611613513818404
UnderFollowed #Syria is out! https://t.co/ucrKM8SH3G Please #FF 4 #Syria @stephenalbert11 #syria,yes,0.25
@realDonaldTrump may need to build a #wall on our northern border. Canada has gone stupid. üõá Islam https://t.co/Q14mCsEtGj,yes,0.0
"RT @jo_seeker: #alqaeda Fighters in #syria 
Notice USAID in the background https://t.co/QvzNimLbjW",yes,0.24253562503633297
"To Syria, with love: Delaware ships supplies to refugees - The News Journal https://t.co/RmHKQaO9M6 #syria #syrianews",yes,0.23570226039551587
"RT @MSF_Sea: Meet Jamila - a mum to 10, a grandma to 13 &amp; a Syrian #refugee. She knows she'll be stuck in #Greece for months so‚Ä¶ ",yes,0.2885537118791427
RT @fbhutto: Meron Semedar is a #refugee from #Eritrea. At #Oyw #ottawa he carried the refugee flag. The‚Ä¶ https://t.co/QLWGMiBH6f,yes,0.696923425058676
RT @refugee_stories: The Carpenter of #Lampedusa This inspiring man makes crosses for the dead out of abandoned #refugee boats. https://t.c‚Ä¶,yes,0.348461712529338
"@ladygaga @NFL @FOXTV @pepsi PUNISH who tortured his #Mother &amp; got #refugee #fraud in #NYC is #Robert #Marcone
 https://t.co/YGerllzWN7",yes,0.3639563886444922
The latest The Refugee Daily! https://t.co/gC6a5qCYi6 Thanks to @ad198741 @OzRefugeeCounc @kathryn_buford #refugee #culture,yes,0.4023689270621825
RT @yaxle: A young #SouthSudan #refugee doing medical screening. She left Yei after her brother was shot dead. She doesn't kno‚Ä¶,yes,0.348461712529338
RT @dwnews: Hungarian voters weigh in on #refugee quotas https://t.co/iUsM8tqSL3 Follow @FannyFacsar in #Budapest for more. https://t.co/mI‚Ä¶,yes,0.48621073105374035
"When we get impatient, perhaps think again‚Ä¶ #refugee https://t.co/Q4aj09fAGx",yes,0.49279927982674443
"RT @RT_com: URGENT: 95% Hungarians vote against EU #refugee quotas, but #referendum invalid due to low turnout - exit poll
https://t.co/8vo‚Ä¶",yes,0.7729851983261213
RT @DijkstraHylke: #Hungary referendum is a blow for #Orban. But 95% of voters said 'no' to #EU policy on #refugee reallocation. That's the‚Ä¶,yes,0.7567100029932011
"RT @RT_com: URGENT: 95% Hungarians vote against EU #refugee quotas, but #referendum invalid due to low turnout - exit poll
https://t.co/8vo‚Ä¶",yes,0.7729851983261213
"RT @RT_com: 98% of Hungarians reject #refugee quotas, but low turnout to rule referendum invalid - early results https://t.co/8vol06OrQj",yes,0.808957020670069
"RT @RT_com: 98% of Hungarians reject #refugee quotas, but low turnout to rule referendum invalid - early results https://t.co/8vol06OrQj",yes,0.808957020670069
RT @MediaGovGr: 71 new arrivals in Eastern Aegean islands - Read summary statement of #refugee flows 3/10/2016 https://t.co/cQxxmnOgp4 #Ref‚Ä¶,yes,0.3559563702119719
"RT @UNICEF_uk: Thank you @sarahwollaston, @Caroline_Ansell &amp; @JasonMcCartney for urging @AmberRudd_MP  to reunite #refugee #children with t‚Ä¶",yes,0.6565698352151748
#Hungary's referendum on #refugee quotas ruled invalid https://t.co/tRmr9itMlU #Migrants #Europe,yes,0.9907659622418868
"RT @doamuslims: Syrian #refugee children detained, beaten &amp; stripped naked for carrying toy guns in #Greece
https://t.co/UKc9L6dp6P‚Ä¶ ",yes,0.6053274785083769
RT @DaystoTrump: Czech President Zeman says #MuslimBrotherhood masterminded #refugee crisis and is financed by several countries. https://t‚Ä¶,yes,0.4023689270621825
RT @HPSustainable: We're adding HP Learning Studios in Lebanon &amp; Jordan to help empower #refugee children https://t.co/Ilgi3lrHzv https://t‚Ä¶,yes,0.5209829429477049
RT @jennavehvi: #EU to deport #Afghan asylum seekers back. Not a sustainable way to resolve the situation. #Europe #refugee https://t.co/j0‚Ä¶,yes,0.3414213562373095
"#Ethiopia is creating 100,000 #jobs to tackle its #refugee problem https://t.co/tah4KGk6MZ via @qzafrica",yes,0.4140342101788418
"@ladygaga 
PUNISH who tortured his #Mother &amp; got #refugee #fraud in #NYC is #Robert #Marcone 
https://t.co/DBHBkhEnRC",yes,0.39163715500132423
RT @UNICEF_uk: ‚ÄúI don‚Äôt have a family. I‚Äôm an orphan. I need help.‚Äù A 14-year-old Afghan #refugee talks about being alone and abused in Gre‚Ä¶,yes,0.2885537118791427
RT @MatRefugeeConf: Want to know more about out #free #conference on #refugee #asylumseeker #MatExp ? Please RT and spread the word https:/‚Ä¶,yes,0.3559563702119719
"RT @philippe_dam: Which #EU states are contributing (or not enough, or not at all) to #refugee relocation from #Greece &amp; #Italy?‚Ä¶ ",yes,0.3414213562373095
#EU could order return of #refugee crisis funding: #Athens urged to accelerate the process https://t.co/JuY3n6nXQe,yes,0.4023689270621825
RT @GerrySimpsonHRW: EU returning rejected asylum seekers to conflict-wracked #Afghanistan risks fuelling instability &amp; new #refugee flo‚Ä¶,yes,0.4023689270621825
.@PrimeministerGR Stop forcible deportation to Turkey of first #refugee under #EUTurkeyDeal,yes,0.5147120609333741
.@PrimeministerGR Stop forcible deportation to Turkey of first #refugee under #EUTurkeyDeal,yes,0.5147120609333741
RT @Wiebke_Judith: .@PrimeministerGR Stop forcible deportation  to Turkey of first #refugee under #EUTurkeyDeal https://t.co/zRNCN4aUGT,yes,0.4140342101788418
The Refugees/IDPs Daily is out! https://t.co/2FLmpojPeQ Stories via @labor4refugees1 @refugeestudies @Beth_Ferris #refugees #refugee,yes,0.4140342101788418
"RT @AP_Images: Exiled in despair, #migrants in #Greece are losing hope: https://t.co/KHfabz57rS #Photos by @PGiannakouris #refugee‚Ä¶ ",yes,0.3725212401980843
RT @BabatundeUNFPA: Proud to stand with world leaders @UN who adopted a historic plan to address the #refugee crisis: https://t.co/8EUXtn0o‚Ä¶,yes,0.5414213562373096
@eucopresident Stop forcible deportation to Turkey of first Syrian #refugee under #EUTurkeyDeal,yes,0.49279927982674443
"RT @AP_Images: Exiled in despair, #migrants in #Greece are losing hope: https://t.co/KHfabz57rS #Photos by @PGiannakouris #refugee‚Ä¶ ",yes,0.3725212401980843
"RT @IOM_Turkey: Every #migrant and #refugee‚Äôs story is unique, but a common thread of #humanmobility is connectivity.‚Ä¶ ",yes,0.8289342762583558
RT @OneYoungWorld: So proud that this year's @Unilever delegation has committed to supporting a #refugee delegate to attend #OYW next‚Ä¶,yes,0.3559563702119719
.@Carle_org's Dr. Omar Al-Heeti talks about the conditions of #refugee camps during his work with @sams_usa https://t.co/5IkzVtc0ua,yes,0.3639563886444922
RT @TRobinsonNewEra: A Swedish woman in a wheel chair has been gang raped by up to 6 Muslim #refugee men https://t.co/Oz0687OAt2,yes,0.348461712529338
"RT @frankgaffney: Unvettable #refugee problem. 
62 are the KNOWN jihadis. How man UNKNOWN?
1 is too many. #StopImportingJihadists
 https://‚Ä¶",yes,0.39163715500132423
"RT @LucidHurricane_: Listen to #HillaryClinton talk about what a SCAM the fake '#refugee' crisis is
#TrumpTape #PodestaEmails https://t.co/‚Ä¶",yes,0.38172068075839793
"RT @LucidHurricane_: Listen to #HillaryClinton talk about what a SCAM the fake '#refugee' crisis is
#TrumpTape #PodestaEmails https://t.co/‚Ä¶",yes,0.38172068075839793
RT @EVERALDATLARGE: UN declares #Manus #Nauru to be world's worst #refugee camps. Lets close them today. There are 50 million refugees &amp; we‚Ä¶,yes,0.5525858577612696
"RT @Lars9596: BREAKING: The terror-suspects currently searched for in #Chemnitz, #Germany, is Jaber A. a ""#refugee"" from #Syria! Danke Frau‚Ä¶",yes,0.3725212401980843
"Every #migrant and #refugee‚Äôs story is unique, but a common thread of human mobility is connectivity.‚Ä¶ https://t.co/P2DMmy6BXv",yes,0.7729851983261213
UN tells #Nauru to take urgent action to investigate abuse of #refugee children https://t.co/FM0gMaw3S8,yes,0.8504686227424478
Sign up for Thursday morning's @AngliAlliance webinar on how churches have responded to the #refugee crisis (10am)‚Ä¶ https://t.co/wYivIhetH1,yes,0.3639563886444922
RT @FranTownsend: The Muslim #refugee who saved an American soldier https://t.co/KsWyzUSsGz,yes,0.456243478417038
RT @EVERALDATLARGE: UN declares #Manus #Nauru to be world's worst #refugee camps. Lets close them today. There are 50 million refugees &amp; we‚Ä¶,yes,0.5525858577612696
RT @AlArabiya_Eng: Syrian #refugee paintings snapped up in Greek auction https://t.co/IsArVoBdju #Syria #art https://t.co/06zt8CCcey,yes,0.33479118419449133
"RT @OzRefugeeCounc: Tonight's #QandA will be dedicated to #refugee policy.Tweet or submit a question &amp; make your voice heard.9.35pm,ABC.htt‚Ä¶",yes,0.3414213562373095
RT @AsylumSeekersOz: Stay tuned for tonight's #qanda #refugee #asylumseekers #unchainasylumseekersOz https://t.co/2cCnwrT1qt,yes,0.44077307558221646
RT @AsylumSeekersOz: Stay tuned for tonight's #qanda #refugee #asylumseekers #unchainasylumseekersOz https://t.co/2cCnwrT1qt,yes,0.44077307558221646
#Syrian #refugee #arrested for #planning #bomb #attack in #Germany¬† https://t.co/kyK3AmO3wr,yes,0.7508163313634132
"RT @PhelimKine: #Australia 's #refugee gulag: UNHCR declares #Manus Island detention center ""world's worst"" https://t.co/mnOroHPuhi‚Ä¶ ",yes,0.3725212401980843
"RT @NiskanenCenter: Private #refugee resettlement, ""puts Americans in the driver's seat"" - @MLaCorte_ | @bpolitics @lauren_etter https://t.‚Ä¶",yes,0.4140342101788418
"RT @cooprojavabakur: A statistical campaign launched in #Rojava #refugee camps, to better understand conditions for #women https://t.co/Q3U‚Ä¶",yes,0.38172068075839793
RT @RichardBurgon: First day back and today our new Shadow Home Sec @HackneyAbbott challenging govt on treatment of vulnerable #refugee chi‚Ä¶,yes,0.3725212401980843
RT @RichardBurgon: First day back and today our new Shadow Home Sec @HackneyAbbott challenging govt on treatment of vulnerable #refugee chi‚Ä¶,yes,0.3725212401980843
RT @UNICEF_uk: #BREAKING: Home Sec @AmberRudd_MP commits to reunite all #refugee children in #Calais with family in UK by next wee‚Ä¶,yes,0.5644707842690466
RT @AuliCarl: Wheelchair-bound woman 'gang raped in #refugee centre' on #Gotland #Visby #island #Sweden #asylboende #asyls√∂kare  https://t.‚Ä¶,yes,0.39163715500132423
"One day, I'll help empower young #refugee girls to stand up to their rights &amp; challenge cultural views #InternationalDayoftheGirl",yes,0.3639563886444922
RT @ilaria_armaroli: On the economics and politics of #refugee migration. A paper by @cepr_org https://t.co/nAitgj9xy2 https://t.co/CUOmuCj‚Ä¶,yes,0.3226128574608258
RT @UNICEFuk_action: #BREAKING: Home Sec @AmberRudd_MP commits to reunite all #refugee children in #Calais with family in UK by next wee‚Ä¶,yes,0.5644707842690466
RT @UNICEF: Britain has pledged to take in hundreds of children stuck in Calais 'jungle' #refugee camp. https://t.co/Atw5Ys1WiT via @ajengl‚Ä¶,yes,0.5414213562373096
RT @MuireannNiR: #Calais : doubts raised over accuracy of child #refugee census #unaccompaniedminors https://t.co/zN3OgFyuy0,yes,0.42677669529663687
@theresa_may Great. Let's start by pulling our weight on #refugee #crisis. Refugees most vulnerable to #trafficking https://t.co/uixRyO7vj8,yes,0.3725212401980843
Every parents wants their children to be safe &amp; secure. This #refugee family is no different https://t.co/FncAH37J4u #jnj @SavetheChildren,yes,0.5771571050001026
RT @Researchshop: Our new #refugee handbook helps sponsoring groups get ready for arrival &amp; integration. Featured here: https://t.co/MiMcU6‚Ä¶,yes,0.3725212401980843
RT @_Lord_Pepe: @lilyallen Hope a few of these fake #refugee 'children' turn up on your doorstep ‚ùóÔ∏è Sure you'd find a spare room fo‚Ä¶,yes,0.5309073193326754
RT @Aethonaia: BREAKING: #Syrian #refugee arrested for #terror plot in #Germany commits #suicide in #jail https://t.co/9unoCEjqzu On purpos‚Ä¶,yes,0.3559563702119719
RT @UNICEF_uk: #BREAKING: Home Sec @AmberRudd_MP commits to reunite all #refugee children in #Calais with family in UK by next wee‚Ä¶,yes,0.5644707842690466
Refugee bricklaying program gives old skills a new fit #refugee #brick https://t.co/pA7jSVUccm,yes,0.44077307558221646
RT @SavetheChildren: Every parents wants their children to be safe &amp; secure. This #refugee family is no different https://t.co/prAh4f9jLj #‚Ä¶,yes,0.5771571050001026
RT @OxfamAmerica: Meet Brownkey Abdullahi: the first female refugee blogger living in the Dadaab #refugee camp. https://t.co/yaOdGcsY2L via‚Ä¶,yes,0.682842712474619
RT @XHNews: Syrian #refugee suspected of planning bomb attack in Germany committed suicide in prison:media‚Ä¶,yes,0.6380711874576984
"RT @nesta_uk: 3 ideas for #refugee &amp; migrant #integration will win ‚Ç¨50,000 at #diogochallenge Awards Ceremony on 27 Oct. Tickets:‚Ä¶ ",yes,0.808957020670069
RT @donateaphoto: Watch how @SavetheChildren is helping to give #refugee children a place where they can feel safe &amp; secure https://t.co/vX‚Ä¶,yes,0.5525858577612696
"RT @tsanga10: #Greece needs a year to properly shelter #refugee children. In the meantime, we have kids locked up &amp;/ homeless https://t.co/‚Ä¶",yes,0.5525858577612696
"RT @JasonLouMiller: ‚ÄúIt‚Äôs hypocrisy to call yourself a #Christian and chase away a #refugee or someone seeking help, someone who is hungry‚Ä¶",yes,0.32853285321782955
RT @WFP: See how WFP is scaling up an innovative iris scan payment system in Jordan‚Äôs #Zaatari #refugee camp‚Ä¶,yes,0.3639563886444922
RT @CounterJihadUS: ISIS is using #refugee flows to infiltrate the West. Even the State Dept had to admit the truth #ThursdayThoughts https‚Ä¶,yes,0.3116736307086359
RT @CounterJihadUS: ISIS is using #refugee flows to infiltrate the West. Even the State Dept had to admit the truth #ThursdayThoughts https‚Ä¶,yes,0.3116736307086359
Putin: The Only World Leader Speaking Sense on Syria &amp; The Migrant Crisis https://t.co/TtuRp8Qysy #migrant #refugee #syria #usa #russia,yes,0.9608341482251327
RT @CounterJihadUS: ISIS is using #refugee flows to infiltrate the West. Even the State Dept had to admit the truth #ThursdayThoughts https‚Ä¶,yes,0.3116736307086359
RT @4corners: They're the human face of Australia's tough border policies - the more than 100 #refugee children living on Nauru.‚Ä¶,yes,0.5525858577612696
"Female refugee blogger from Dadaab‚Äîthe world‚Äôs largest #refugee camp, speaks up for women &amp; justice #DayoftheGirl  https://t.co/h2G4AHKoYQ",yes,0.696923425058676
.@PrimeministerGR Stop forcible deportation to Turkey of Syrian #refugee Noori under #EUTurkeyDeal,yes,0.49279927982674443
RT @iamwatchingyooo: Watch how we are helping to give #refugee children a place where they can feel safe &amp; secure‚Ä¶,yes,0.6053274785083769
RT @Roh_Yakobi: My say on @lilyallen's apology to the #Afghan child #refugee and why she is wrong. https://t.co/q87Ghpas7S,yes,0.3639563886444922
"RT @StatePRM: Watch live: A/S Richard discusses US leadership on #refugee issues, today at 12pm EST https://t.co/2alZpiLdIp #withrefugees #‚Ä¶",yes,0.5771571050001026
RT @SavetheChildren: Watch how we are helping to give #refugee children a place where they can feel safe &amp; secure https://t.co/8KaNj3M7To #‚Ä¶,yes,0.5525858577612696
RT @HelpRefugeesUK: Many thanks to The Mentoring School for their support #volunteer #refugee #refugeeswelcome https://t.co/TjNICAbZOM,yes,0.6380711874576984
"RT @StatePRM: Watch live: A/S Richard discusses US leadership on #refugee issues, today at 12pm EST https://t.co/2alZpiLdIp #withrefugees #‚Ä¶",yes,0.5771571050001026
"RT @jeneambrose: For #Boston friends, @MSF_USA is running an interactive exhibit on #refugee experiences - Oct. 15-23 only. https://t.co/CS‚Ä¶",yes,0.3639563886444922
TOMORROW IS THE BIG DAY All ticket donations for #refugee kids' #education will be matched to double your impact!‚Ä¶ https://t.co/v9FIgIZ2jX,yes,0.3559563702119719
RT @Capt_USA76: .@SpeakerRyan Tell your WIMP Friends @MittRomney Bush family a vote for #Hillary is a vote for #DEBT #JOBS #refugee‚Ä¶,yes,0.32853285321782955
"RT @RavenHUWolf: #Germany muslim migrant rips off lips, ears &amp; eyelids at #refugee shelter
https://t.co/IugjKebkO5
#BodyPartsMatter?‚Ä¶ ",yes,0.8504686227424478
RT @JoeEEnglish: Great work by @StephenCowan and @SafePassageUK - taking decisive action for #refugee children in #Calais. Inspiring‚Ä¶,yes,0.6565698352151748
RT @JoeEEnglish: Great work by @StephenCowan and @SafePassageUK - taking decisive action for #refugee children in #Calais. Inspiring‚Ä¶,yes,0.6565698352151748
"RT @Kon__K: We have a group of #refugee women running Sunday to raise $ for @ASRC1, they're just $218 short of their target:  https://t.co/‚Ä¶",yes,0.3226128574608258
Afghan '#refugee' goes home to see his family before returning to UK while his son waits in the Jungle to join him next.,yes,0.3066054290269654
"RT @Kon__K: 128.

The number of #refugee children imprisoned in limbo on #Nauru by Oz Gov. Don't miss @4corners The Forgotten Children' MON‚Ä¶",yes,0.5309073193326754
RT @SputnikInt: Multiple deaths reported in blast at #refugee camp near #Syria-#Jordan border  https://t.co/UWeFTbqZSS #SyriaCrisis,yes,0.39163715500132423
#German mayor begs for help as #police tackle #refugee crimewave https://t.co/nEO1yNXb3K via @MailOnline,yes,0.42677669529663687
"PUNISH who tortured his #Mother &amp; got #refugee #fraud in #NYC is #Robert #Marcone 
https://t.co/asPsRYy3Tu https://t.co/3hZDunjpgi",yes,0.3226128574608258
"RT @yfpeacei: Something very deep summed up in a very beautiful story by #Terriblytinytales.
#Refugeecrisis #refugee #Globalcrisis https://‚Ä¶",yes,0.38172068075839793
"RT @avanconia: üá∫üá∏Government concealingüò∑COSTLY #refugee disease rateüò∑
@POTUS: Is there anything you won't lie to us about?
üëâüîó‚Ä¶ ",yes,0.39163715500132423
A good news: when the asylum seeker help the host community. My latest post for @espressonline #refugee https://t.co/27elBIjAh4‚Äúmodello-p‚Äù/,yes,0.3414213562373095
"RT @FemalePreppers: Syrian #refugee crashes wedding in church in Duisburg/Germany, yelling #allahuakbar. What else?  https://t.co/EGaZc643Cf",yes,0.3725212401980843
RT @TheWilsonCenter: Finding common ground in the politicized sphere of #refugee policy @cassidyjosephp https://t.co/nOjcif5JT8,yes,0.4140342101788418
Roundtable discussion on #refugee integration with CAN expert Naomi Alboim @QueensSPS and Estonian Government repre‚Ä¶ https://t.co/ObXWEDzbEL,yes,0.39163715500132423
"RT @sufeilu: The Sun ""mistakes"" 32 yr old Home Office interpreter as a #refugee child. Or they knew and just lied #DontBuyTheSun  https://t‚Ä¶",yes,0.348461712529338
"MPG research on EU #refugee integration standards &amp; recast are 1st step in 6yr. #NIEM tool. Read these papers here
https://t.co/zvdAHAoWMP",yes,0.348461712529338
RT @humanityfirstuk: HF continues to support #refugee children escaping from #Syria into neighbouring #Turkey and #Jordan https://t.co/8W6J‚Ä¶,yes,0.6053274785083769
"Next week, European administrators will collaborate w/ US counterparts on supporting #refugee youth in schools:‚Ä¶ https://t.co/quK4d6Xkf8",yes,0.39163715500132423
#Lebanese camps for Syrians witness the rise of the #connected #refugee https://t.co/dTpdhiEdOi,yes,0.4140342101788418
RT @hpg_odi: ODI's @SaraPantuliano on the ripple effect of Australian &amp; European #refugee policy in @WhyDev: https://t.co/S7ms3dCYRD,yes,0.3725212401980843
Syrian #refugee family thankful for freedom in Canada: https://t.co/4FWYtQT9At https://t.co/Q9KELySj3W,yes,0.3639563886444922
"RT @EminaHRW: On violence, inhuman conditions and #mentalhealth in #refugee camp in Greece, by @ShanthaHRW https://t.co/rIlP8D6i7U https://‚Ä¶",yes,0.348461712529338
Fairytale #crochet covers the entire house: A project that gives hope to #refugee women  https://t.co/mzTj8Lyr0f‚Ä¶ https://t.co/YbTTaNdAiG,yes,0.3226128574608258
RT @human_security: @fy_elmas: what we experience  is a #refugee #policy crisis not a #refugeecrisis. We need legal pathways for those‚Ä¶,yes,0.5771571050001026
RT @UNICEF: Are you with us? We‚Äôre calling on the European Council to put children first &amp; protect #refugee &amp; #migrant children‚Ä¶,yes,1.0983332121373306
RT @PoetTomDavis: The #refugee camp by Thomas Davis. #poem #poems #poetry #refugeecrisis #refugee #refugeeswelcome https://t.co/FEx82vqOzI,yes,1.2106549570167537
"I went to Makassar Sulewesi in Indonesia in August to meet #refugee friends. 
This happened:
https://t.co/W0vKOqUuWR",yes,0.3559563702119719
"RT @Maintenonmadame: Well said, @4corners  @SallyJackson 
Thank you 4 yr courage in telling truth abt #refugee #children in o/s detentio‚Ä¶ ",yes,0.5644707842690466
@nelsonssenyange #uganda best #refugee #hospitality,yes,0.7634413615167959
RT @wrcommission: We are hiring! Join us &amp; be part of the movement to protect the rights &amp; improve the lives of #refugee women+girls:‚Ä¶,yes,0.2885537118791427
"RT @RavenHUWolf: #Germany #Cologne: Broad daylight #Merkel's muslim #refugee biked around #Longerich, harassing women &amp; masturbating‚Ä¶ ",yes,0.4140342101788418
"RT @hakamshahwan: Almost 10 years of waiting,families of #nahrelbared #refugee camp in Leb look forward to reconstruction of camp.UNR‚Ä¶ ",yes,0.3170017710367744
Because of @JoeBiden #AmericanWomen under #refugee #rape crisis #Minnesota  little girl in #Utah rape RapistEnabler Biden,yes,0.4023689270621825
RT @FoxNews: FOX &amp; FRIENDS: D'Souza calls #refugee situation 'morality at someone else's expense' | #FOXNewsWorld‚Ä¶,yes,0.4140342101788418
RT @FairfaxForeign: He spent a year stuck in an airport. Now the Syrian #refugee lives near Melbourne's.  https://t.co/d2QtzBlDhx @smh @the‚Ä¶,yes,0.33479118419449133
RT @hpg_odi: ODI's @SaraPantuliano on the ripple effect of Australian &amp; European #refugee policy in @WhyDev: https://t.co/S7ms3dCYRD,yes,0.3725212401980843
RT @human_security: Thank you for your speech about #institutional #responses to #refugee #crisis @AlpOzerdem @fy_elmas,yes,0.44077307558221646
RT @MartinRJay: #EU #refugee program in #Greece seems to be having teething problems https://t.co/FD31Tlbdtt,yes,0.4140342101788418
"RT @TGSNTtv: #Syrian #refugee in #Germany with 4 wives, 22 kids sparks social media fuss over welfare
#WhiteGenocide https://t.co/BV5Cem3fKV",yes,0.3639563886444922
"RT @TGSNTtv: #Syrian #refugee in #Germany with 4 wives, 22 kids sparks social media fuss over welfare
#WhiteGenocide https://t.co/BV5Cem3fKV",yes,0.3639563886444922
RT @ValerioDeC: Finally safe. Syrian #refugee kids just arrived with their families at Rome airport thanks to the‚Ä¶,yes,0.4023689270621825
"#SyrianRefugees give tours of Berlin featuring #refugee shelters, Syrian restaurants. Goal=give the refugees a face‚Ä¶ https://t.co/2TjrlUu6vn",yes,0.3639563886444922
RT @WSMIreland: People have gathered in #Dublin to protest the eviction of the #Calais #refugee camp and to demand Ireland take 200‚Ä¶,yes,0.33479118419449133
RT @NetworksManager: LOOK #calais muslims #refugee camp ONLY 3 kids ALL rest islamic army waiting 4 orders.#MAGA #DC #brexit #NYC #EURef ht‚Ä¶,yes,0.3559563702119719
Voices: #Botswana has its own #refugee crisis ‚Äî #elephants https://t.co/p8Pjd0r6qN via @usatoday,yes,0.456243478417038
"#Migrants' relocation from #TheJungle #refugee camp near #Calais, #France (NPR) https://t.co/SoUe7buiX5",yes,0.456243478417038
RT @KentPage: 2016: +241K #refugee &amp; migrant children sought asylum in #Europe. Read how #UNICEF helps: https://t.co/Yywa05X5MZ v‚Ä¶,yes,1.0271749109060615
"#UK paper calls middle aged #Calais #migrant a ""16-year-old #refugee‚Äù|#France #MilitayAgedMen #Welfare #Canada #kids https://t.co/QTMOZbKswi",yes,0.808957020670069
"RT @cochetel: Syrian #refugee children working in awful conditions in Istanbul. Kids should be kids, and have access to school  https://t.c‚Ä¶",yes,0.5414213562373096
RT @bdmowell: #Italian prime minister repeats threat to veto #EU #refugee quotas for his country  https://t.co/GskBOOj9z3,yes,0.39163715500132423
"RT @AndyTilsley: 'Last time the camp was cleared, about 120 #refugee children went missing. We cannot let this happen again.' https://t.co/‚Ä¶",yes,0.5644707842690466
"(ULTIMATE GRAVY TRAINER) #Syrian #refugee with FOUR #WIVES and 23 #CHILDREN ‚Äò#claims $400,000 a year in #BENEFITS üëÅhttps://t.co/0ZP2vFKgAJ",yes,0.3639563886444922
"Canadians becoming more #immigrant friendly amid #refugee crisis, survey finds https://t.co/X5DxPdfJD2",yes,0.456243478417038
"RT @cochetel: Syrian #refugee children working in awful conditions in Istanbul. Kids should be kids, and have access to school  https://t.c‚Ä¶",yes,0.5414213562373096
"RT @AndyTilsley: 'Last time the camp was cleared, about 120 #refugee children went missing. We cannot let this happen again.' https://t.co/‚Ä¶",yes,0.5644707842690466
"(ULTIMATE GRAVY TRAINER) #Syrian #refugee with FOUR #WIVES and 23 #CHILDREN ‚Äò#claims $400,000 a year in #BENEFITS üëÅhttps://t.co/0ZP2vFKgAJ",yes,0.3639563886444922
RT @EUSocialInnov: Huge congrats to 2016's #diogochallenge winners! Impressive #socinn solutions to #refugee and #migrant integration‚Ä¶,yes,0.8504686227424478
"RT @cochetel: Syrian #refugee children working in awful conditions in Istanbul. Kids should be kids, and have access to school  https://t.c‚Ä¶",yes,0.5414213562373096
"RT @RepublicSilence: Afghan child #refugee asks #AshrafGhani &amp; @afgexecutive in tears"" Have you ever asked yourselves why people flee‚Ä¶ ",yes,0.39163715500132423
"RT @SolnsAlliance: .@TheEconomist explains what makes the #Uganda #refugee policy so successful:

https://t.co/UJ0pwsrUON",yes,0.42677669529663687
"RT @RefugeeInfoBus: 1,500 vulnerable #refugee children are housed in white containers. They are watching the community they lived in be‚Ä¶ ",yes,0.5414213562373096
RT @AthensLiveGr: The situation in the #refugee camp of Elliniko is very challenging. #RefugeesGR #Greece #AthensLive https://t.co/sG71Ypjf‚Ä¶,yes,0.38172068075839793
"RT @yaxle: 3 months ago, it was a tiny Ugandan village. Now it‚Äôs the world‚Äôs fourth-largest #refugee camp - https://t.co/LjGuPfRVUS",yes,0.3170017710367744
#ICYMI: Perth lawyer raised in Ugandan #refugee camp after fleeing South Sudan wins industry award‚Ä¶ https://t.co/xzjTpCBb7H,yes,0.39163715500132423
RT @NaTakallam: The #refugee family picking through waste to survive  https://t.co/xa6eBTqsxE https://t.co/8nlc2nODXH,yes,0.348461712529338
"Unaccompanied #refugee children &amp; the importance of social networks. 
https://t.co/mLV5AxnxUo",yes,0.7508163313634132
"RT @Eurochild_org: The situation of children on the move. Good, concise #video report from @europarltv https://t.co/Zc5B53SZrV #refugee #ch‚Ä¶",yes,0.5907391304340767
#ThankyouCanada: #Syrian #refugee #fulfilling #dreams of #becoming a #pharmacist on #HaidaGwaii https://t.co/QX93Qw1xlB? #bcpoli #cdnpoli,yes,0.4140342101788418
"RT @Eurochild_org: The situation of children on the move. Good, concise #video report from @europarltv https://t.co/Zc5B53SZrV #refugee #ch‚Ä¶",yes,0.5907391304340767
RT @Texastweetybird: ‚ÄúWhy are we letting them in?‚Äù #Video dismantles case for #refugee influx. https://t.co/PVFpwi9JKS   https://t.co/hOSKp‚Ä¶,yes,0.3226128574608258
UK media coverage of #refugee children is shameful yet again today. Please help us condemn it: https://t.co/ntRjLSJ0QK #Calais Pls RT,yes,0.5644707842690466
"RT @Alimdaad_UK: Help us deliver more bread to the people of #Syria 

https://t.co/OZ2FfnfHR3 https://t.co/roueDG9c0A",yes,0.0
"30,000 #refugee children stranded in the desert after Jordan closes its border with #Syria 'in desperate need' https://t.co/ILXjDzepYY",yes,0.5525858577612696
"RT @Syricide: #PT 
#Assad:Most #Syria|n #refugees want to come home, they didn't leave because of the Govt, they left because there is a wa‚Ä¶",yes,0.0
RT @OthrFactsOfLife: #Refugee news - Game of Thrones Stars Call on EU Leaders to Help Refugees Stranded in Greece https://t.co/PM36k2mnAP,yes,0.0
"RT @MSF: #Syria: 60,000 people desperately need humanitarian assistance on Jordanian border  https://t.co/C8ms7KJtbS https://t.co/EWci8WHBLb",yes,0.0
"RT @basemn63: This isn't Doomsday, It's Yarmouk Palestinian refugee camp in #Syria ... üò¢ https://t.co/jhQjcBjxmh",yes,0.38172068075839793
RT @UNHCRdc: #Resettlement was found for just 0.66% of the refugees under UNHCR‚Äôs mandate https://t.co/zbl90PwmN9 https://t.co/u3CPEw8aBZ,yes,0.18257418583505536
RT @InstantReporter: #Erdogan announces that #Syria|n refugees in the country will be given Turkish citizenship. #Turkey,yes,0.0
"RT @UNICEFmena: .@UNICEF reached 13,500 people in the two besieged towns of #Zamalka and #Arbin, rural #Damascus #Syria https://t.co/Bjeg7B‚Ä¶",yes,0.0
https://t.co/Iem43gtiRb Raw: #Migrant Boat Crashes on #Greece Shore,yes,0.0
"RT @Alex_Verbeek: Shocking: every minute another 24 people are displaced. 
https://t.co/Yx99uUgEUB #refugees #migration https://t.co/aw48x7‚Ä¶",yes,0.0
RT @tpp_en: #Hungary to Hold Referendum on #Refugee Protection https://t.co/MxkzyGsK7u #RefugeeCrisis https://t.co/0xpqYzwLAP,yes,0.0
RT @freedom2whack: Refugee schoolchildren in Greek camp with makeshift classroom and no summer break https://t.co/nBpr2q5G3b #CNN #melbourn‚Ä¶,yes,0.0
#Refugee news - Rutland City Won't Vote on Refugee Resettlement https://t.co/NSUdVy7gZZ,yes,0.0
RT @RadkoHokovsky: 65 pct Europeans believe that the influx of #immigrants will increase the threat of #terrorism. https://t.co/a8Mm4NIQDj,yes,0.0
rt german federal police are tightening control over border with france following niceattack reports,yes,0.0
rt war engulf paris as muslims wage migration hijrah jihad france soon fall islamist vote trump maga primaryday,yes,0.0
board of immigration appeals eoir eoir immigrationappeals eoir eoir europe eu offers new immi,yes,0.3922322702763681
rt refugee camps are intended to be temporary but too many displaced people find themselves staying,yes,0.42677669529663687
rt the european institutions in sweden organise debate on the catalan case euialmedalen https,no,0.0
eosgroup acquires debtcollection service provider contentia in france and belgium,no,0.0
us immigration welcoming immigrants is foundational to us in the declaration of indep uslatino uniteblue,yes,0.0
rt immigration does not hurt sweden that why baby died today because of overpopulation at the hospital,yes,0.0
rt refugee news newcomer kitchen cooks up business venture for syrian refugee women,yes,1.3223192267466493
usa immigration guide us ny nj nyc newyork newjersey immigrants sessions in step with trump on immigrat,yes,0.0
migrant crisis asylum seekers severely beaten up at hungary border human rights watch claims via,yes,0.5163977794943222
rt refugee news refugees ask to return to syria after being housed in bnp estate,yes,0.6565698352151748
immigration detainees on hunger strike to protest solitary lockdowns via cdnimm cdnpoli,yes,0.0
us immigration prosecutions of illegal entry driving force in mass incarceration in uslatino uniteblue,yes,0.0
rt migrant situation in eu so bad it is shutting down eu longest rail motorway https,yes,0.9428090415820635
refugee news delays in refugee arrivals from turkey likely in wake of attempted coup,yes,0.804737854124365
rt refugee news raleigh volunteer offers first hand view of attempted turkish coup,yes,0.4734662332507986
dadaab camp being shut down to protect kenya security kenya startups funding refugee,yes,0.44077307558221646
rt iceland want uk to join nordic alliance non eu countries poland austria deutschland https,no,0.2581988897471611
rt heaven is place on earth in sweden to be exact saltsj boo sweden sverige dreamhouse,no,0.0
rt the premiere show is schedules for the th of july at pm local time france kabali paris,no,0.0
rt old and new bookstores paris france tw,no,0.0
rt breaking millions protesting in france therevolution is not just in the us nuitdebout seeyouinphilly,no,0.0
rt how the idaho refugee story confirms what we have been saying for years it is about money,yes,0.4023689270621825
rt present magazine new issue the abyss of civilization migrant deadlock,yes,0.6030226891555273
stop shopping malta estonia australia greece portugal cyprus slovenia japan china sweden korea,no,0.0
my victory crowder paris france news,no,0.0
eu and switzerland must speed up consultations on migration,yes,0.3333333333333333
if you like our game go give it thumbs up at mobilegame southafrica finland netherlands newrelease android,no,0.0
edm france electrohouse festival junior need to know extended mix listen,no,0.0
bloody hell austria,no,0.0
rt euro please note that france is not allowing vehicles carrying alcohol to cross it borders today,no,0.0
stopracism rohingya were not born of refugee bt racism made them endrohingyaoppression,yes,0.49279927982674443
hungary jails migrants for up to years for border crossing reuters migration,yes,0.0
rt sacr bleu france hollande popularity hit rock bottom when did it leave,no,0.0
rt the agenda behind refugee crisis its been planned all along refugeescrisis,yes,0.49279927982674443
rt tear gas and violence in france where thousands are protesting over disputed labor law,no,0.0
do not honor your culture laws or universal code of decency wristbands should fix it sweden islamophobia muslim,no,0.0
rt day stay tuned and tomorrow all will be revealed venicemyfuture venice italy,no,0.0
rt france jew controlled courts continue attacking year old revisionist robert faurisson,no,0.0
panoramix radio station lucas steve make it right france uk canada spain russia,no,0.0
rt vasyl slipak ua opera singer lived in france died from russian sniper bullet defending ukraine in the warzone http,no,0.0
the legacy of democrats and obamaturd illegal refugees and illegal immigration bringing death to americans,yes,0.0
feel sorry for these girls in sweden they re gonna make them target now immigration issues,yes,0.0
repost with repostapp callejones elraval barcelona soul europe,no,0.35355339059327373
album topmusicfrance sound of silver sound of silver lcd soundsystem format toprock amazon france,no,0.0
rt racing starts tomorrow out here in vichy last chance to race ahead of the olympics olympics france,no,0.0
rt refugee news game of thrones stars call on eu leaders to help refugees stranded in greece,yes,0.6565698352151748
rt refugees come to the us to flee political violence not to cause it according to the numbers tyt migration obvious https,yes,0.0
rt refugees come to the us to flee political violence not to cause it according to the numbers tyt migration obvious https,yes,0.0
no help for the helpless and the refugee in sight,yes,0.49279927982674443
rt nasrallah our information says it did not come from the refugee camps in alqaa but from the arsal outskirts this is,yes,0.33479118419449133
rt immigration can redeem education reformers progressive credentials,yes,0.0
deportation defenselawyer immigration representation in newjersey nj ny dhs cale,yes,0.0
rt nasrallah our information says it did not come from the refugee camps in alqaa but from the arsal outskirts this is,yes,0.33479118419449133
rt immigration can redeem education reformers progressive credentials,yes,0.0
deportation defenselawyer immigration representation in newjersey nj ny dhs cale,yes,0.0
rt sweden interior minister says the country intends to expel up to migrants whose applications for asylum have been,yes,0.0
disclosure rock werchter belgium werchter rockwerchter rockwerchter europe,no,0.2886751345948129
top international leaders of the month usa germany ireland slovakia ukraine france netherlands finland spain russia,no,0.0
anchor babies birthright citizenship the new immigration scam pjnet ccot tcot,yes,0.0
the arab african islamist refugee asylum seekers continue to molest white teenagegirls in public in sweden,yes,0.4023689270621825
roasted pecorino cheese with honey and walnuts the flavors of abruzzo italy hiddenitalytours,no,0.0
rt making sharia supremacism bar to immigration if you can not give the oath you can not come https,yes,0.0
fury as eu gifts bn to boost french economy france brexit,no,0.30151134457776363
the eu agenda behind the migration partnership framework ttp tinyurl com hvuxers refugees,yes,0.2581988897471611
rt resettlement was found for just of the refugees under unhcr mandate,yes,0.2886751345948129
refugee news zambia lost over charges rwandese refugee,yes,1.0796691275336339
why are not we asking republican candidates if they will stand with assimilation laws already on the books pjnet,yes,0.0
rt riomaggiore in cinque terre italy painterly canvas art by joan carroll canvasprint italy,no,0.0
rt refugee children write msgs of hope onkites donatedby unhcr on worldrefugeeday in duhok watchthemfly https,yes,0.6767766952966369
rt anti imperialist the battle for aleppo france germany uk turkey isis ksa us russia,yes,0.2581988897471611
rt refugees rush to france refugees tried to storm the border from ventimiglia italy to france,yes,0.0
rt englishmen defend girl brother against muslim migrant attackers manchester uk piccadilly,yes,0.5773502691896258
rt refugees rush to france refugees tried to storm the border from ventimiglia italy to france,yes,0.0
rt englishmen defend girl brother against muslim migrant attackers manchester uk piccadilly,yes,0.5773502691896258
refugee news syrian refugee marches beside justin trudeau in canadian pride parade,yes,1.368730435251114
palesrine syria france turkey bangladesh iraq medina and many more when will it stop prayfortheworld,yes,0.2581988897471611
anti imperialist the red army faction france vietnam palestine communism germany fascism ukraine uk us,yes,0.0
rt july france turkey agree to place syria province of alexandretta hatay under joint turkish french mili,yes,0.24253562503633297
wwii gunner finds he suddenly knighted by france,yes,0.0
rt refugee news gay syrian refugee marches in pride with trudeau,yes,1.4203986997523956
study majority of eu citizens fear muslim migration,yes,0.35355339059327373
study majority of eu citizens fear muslim migration,yes,0.35355339059327373
business immigration matters ny nj immigration reformers eye gang of revival po,yes,0.0
what is ewi in immigration the harsh consequences of entrywithoutinspection ny,yes,0.0
rt hungary to hold referendum on refugee protection refugeecrisis,yes,1.235702260395516
rt politico immigration reformers eye gang of revival,yes,0.0
usa immigration guide us ny nj nyc newyork newjersey immigrants atlantic premiers ottawa announce pilo,yes,0.0
refugee news no summer break for refugee schoolchildren,yes,1.0796691275336339
american immigration very short introduction usa us ny nyc nj newyork newjersey beruff hits rubio on,yes,0.0
rt suspected istanbul attack mastermind was refugee migrantcrisis,yes,0.9571067811865475
rt suspected istanbul attack mastermind was refugee migrantcrisis,yes,0.9571067811865475
rt mfn how to ship foot serpent to france maker burningm,no,0.0
rt can dprinting help the refugee crisis via,yes,0.6035533905932737
refugee news rutland city will not vote on refugee resettlement,yes,0.9855985596534889
theresamay is not bothered about controlling immigration then,yes,0.0
jobs jobsearch migrant crisis getting worse while politicians dither thousands more flood europe,yes,0.8320502943378437
family based immigrationlawyer immigration ny nj newyork newjersey can obama pard,yes,0.0
rt do not you just luv how this bloke in his senior positions continues to destroy liberal support immigration health ht,yes,0.0
